utc_datetime,respondent_id_ferc714,demand_mwh
2014-01-01,4978,30992.0
2014-01-02,6288,42989.0
2014-01-03,6288,47059.0
2014-01-04,6288,52300.0
2014-01-05,6288,42722.0
2014-01-06,6288,43975.0
2014-01-07,6288,60937.0
2014-01-08,6288,66694.0
2014-01-09,6288,47965.0
2014-01-10,6288,45113.0
2014-01-11,6288,45512.0
2014-01-12,6288,40680.0
2014-01-13,6288,45285.0
2014-01-14,6288,43881.0
2014-01-15,6288,45127.0
2014-01-16,6288,50969.0
2014-01-17,6288,60493.0
2014-01-18,6288,49454.0
2014-01-19,6288,57703.0
2014-01-20,6288,48549.0
2014-01-21,6288,45083.0
2014-01-22,6288,51052.0
2014-01-23,6288,62076.0
2014-01-24,6288,58538.0
2014-01-25,6288,53136.0
2014-01-26,6288,43675.0
2014-01-27,6288,43774.0
2014-01-28,6288,44828.0
2014-01-29,6288,46705.0
2014-01-30,6288,63353.0
2014-01-31,6288,57850.0
2014-02-01,6288,44828.0
2014-02-02,6288,43266.0
2014-02-03,6288,46506.0
2014-02-04,6288,48156.0
2014-02-05,6288,49176.0
2014-02-06,6288,44860.0
2014-02-07,6288,45657.0
2014-02-08,6288,45075.0
2014-02-09,6288,43489.0
2014-02-10,6288,45311.0
2014-02-11,6288,45210.0
2014-02-12,6288,44129.0
2014-02-13,6288,42977.0
2014-02-14,6288,51077.0
2014-02-15,6288,44180.0
2014-02-16,6288,46336.0
2014-02-17,6288,47151.0
2014-02-18,6288,45707.0
2014-02-19,6288,44823.0
2014-02-20,6288,46462.0
2014-02-21,6288,48687.0
2014-02-22,6288,46735.0
2014-02-23,6288,46992.0
2014-02-24,6288,47672.0
2014-02-25,6288,47561.0
2014-02-26,6288,44312.0
2014-02-27,6288,42423.0
2014-02-28,6288,44884.0
2014-03-01,6288,42961.0
2014-03-02,6288,41050.0
2014-03-03,6288,44352.0
2014-03-04,6288,46266.0
2014-03-05,6288,45757.0
2014-03-06,6288,43660.0
2014-03-07,6288,41988.0
2014-03-08,6288,43351.0
2014-03-09,6288,39837.0
2014-03-10,6288,40739.0
2014-03-11,6288,43226.0
2014-03-12,6288,45069.0
2014-03-13,6288,43332.0
2014-03-14,6288,44546.0
2014-03-15,6288,42052.0
2014-03-16,6288,42977.0
2014-03-17,6288,47808.0
2014-03-18,6288,45339.0
2014-03-19,6288,44056.0
2014-03-20,6288,44617.0
2014-03-21,6288,45936.0
2014-03-22,6288,45714.0
2014-03-23,6288,44805.0
2014-03-24,6288,46106.0
2014-03-25,6288,43337.0
2014-03-26,6288,43006.0
2014-03-27,6288,44388.0
2014-03-28,6288,43171.0
2014-03-29,6288,43012.0
2014-03-30,6288,40392.0
2014-03-31,6288,43426.0
2014-04-01,6288,45829.0
2014-04-02,6288,47403.0
2014-04-03,6288,48604.0
2014-04-04,6288,49130.0
2014-04-05,6288,47971.0
2014-04-06,6288,48447.0
2014-04-07,6288,53282.0
2014-04-08,6288,51849.0
2014-04-09,6288,43771.0
2014-04-10,6288,44369.0
2014-04-11,6288,47683.0
2014-04-12,6288,48885.0
2014-04-13,6288,47688.0
2014-04-14,6288,53873.0
2014-04-15,6288,53434.0
2014-04-16,6288,44316.0
2014-04-17,6288,45197.0
2014-04-18,6288,46585.0
2014-04-19,6288,42049.0
2014-04-20,6288,39540.0
2014-04-21,6288,41785.0
2014-04-22,6288,45068.0
2014-04-23,6288,48038.0
2014-04-24,6288,50275.0
2014-04-25,6288,52204.0
2014-04-26,6288,51240.0
2014-04-27,6288,53256.0
2014-04-28,6288,59032.0
2014-04-29,6288,62066.0
2014-04-30,6288,60119.0
2014-05-01,6288,58332.0
2014-05-02,6288,52987.0
2014-05-03,6288,44271.0
2014-05-04,6288,42327.0
2014-05-05,6288,50829.0
2014-05-06,6288,53958.0
2014-05-07,6288,58116.0
2014-05-08,6288,59998.0
2014-05-09,6288,60986.0
2014-05-10,6288,57543.0
2014-05-11,6288,57857.0
2014-05-12,6288,60351.0
2014-05-13,6288,61899.0
2014-05-14,6288,63092.0
2014-05-15,6288,57576.0
2014-05-16,6288,50512.0
2014-05-17,6288,46006.0
2014-05-18,6288,47597.0
2014-05-19,6288,52293.0
2014-05-20,6288,56555.0
2014-05-21,6288,56320.0
2014-05-22,6288,58856.0
2014-05-23,6288,60995.0
2014-05-24,6288,60709.0
2014-05-25,6288,60636.0
2014-05-26,6288,57888.0
2014-05-27,6288,57775.0
2014-05-28,6288,59551.0
2014-05-29,6288,60994.0
2014-05-30,6288,57622.0
2014-05-31,6288,54438.0
2014-06-01,6288,54370.0
2014-06-02,6288,56245.0
2014-06-03,6288,55808.0
2014-06-04,6288,58303.0
2014-06-05,6288,60314.0
2014-06-06,6288,63233.0
2014-06-07,6288,62316.0
2014-06-08,6288,62709.0
2014-06-09,6288,63666.0
2014-06-10,6288,66055.0
2014-06-11,6288,58010.0
2014-06-12,6288,57877.0
2014-06-13,6288,56567.0
2014-06-14,6288,55666.0
2014-06-15,6288,54957.0
2014-06-16,6288,59783.0
2014-06-17,6288,61207.0
2014-06-18,6288,61870.0
2014-06-19,6288,59391.0
2014-06-20,6288,61465.0
2014-06-21,6288,63251.0
2014-06-22,6288,63125.0
2014-06-23,6288,64030.0
2014-06-24,6288,66325.0
2014-06-25,6288,67986.0
2014-06-26,6288,70283.0
2014-06-27,6288,68360.0
2014-06-28,6288,64558.0
2014-06-29,6288,67299.0
2014-06-30,6288,69058.0
2014-07-01,6288,67787.0
2014-07-02,6288,67353.0
2014-07-03,6288,67471.0
2014-07-04,6288,59588.0
2014-07-05,6288,56911.0
2014-07-06,6288,54181.0
2014-07-07,6288,54462.0
2014-07-08,6288,60924.0
2014-07-09,6288,60247.0
2014-07-10,6288,60343.0
2014-07-11,6288,58906.0
2014-07-12,6288,60160.0
2014-07-13,6288,58420.0
2014-07-14,6288,63141.0
2014-07-15,6288,62564.0
2014-07-16,6288,56053.0
2014-07-17,6288,60074.0
2014-07-18,6288,62546.0
2014-07-19,6288,64357.0
2014-07-20,6288,63872.0
2014-07-21,6288,65937.0
2014-07-22,6288,61951.0
2014-07-23,6288,65830.0
2014-07-24,6288,65956.0
2014-07-25,6288,65072.0
2014-07-26,6288,60691.0
2014-07-27,6288,64331.0
2014-07-28,6288,69172.0
2014-07-29,6288,66986.0
2014-07-30,6288,65270.0
2014-07-31,6288,65160.0
2014-08-01,6288,65888.0
2014-08-02,6288,65111.0
2014-08-03,6288,61827.0
2014-08-04,6288,65410.0
2014-08-05,6288,64454.0
2014-08-06,6288,66640.0
2014-08-07,6288,67177.0
2014-08-08,6288,65502.0
2014-08-09,6288,63592.0
2014-08-10,6288,61430.0
2014-08-11,6288,59254.0
2014-08-12,6288,62846.0
2014-08-13,6288,65722.0
2014-08-14,6288,65095.0
2014-08-15,6288,55671.0
2014-08-16,6288,53612.0
2014-08-17,6288,60330.0
2014-08-18,6288,67951.0
2014-08-19,6288,69915.0
2014-08-20,6288,70608.0
2014-08-21,6288,72665.0
2014-08-22,6288,70689.0
2014-08-23,6288,64542.0
2014-08-24,6288,62659.0
2014-08-25,6288,66438.0
2014-08-26,6288,67004.0
2014-08-27,6288,67793.0
2014-08-28,6288,69992.0
2014-08-29,6288,68932.0
2014-08-30,6288,62271.0
2014-08-31,6288,60995.0
2014-09-01,6288,63860.0
2014-09-02,6288,66777.0
2014-09-03,6288,67583.0
2014-09-04,6288,63546.0
2014-09-05,6288,61151.0
2014-09-06,6288,58388.0
2014-09-07,6288,57629.0
2014-09-08,6288,60367.0
2014-09-09,6288,60718.0
2014-09-10,6288,62816.0
2014-09-11,6288,65186.0
2014-09-12,6288,63914.0
2014-09-13,6288,61808.0
2014-09-14,6288,60760.0
2014-09-15,6288,61898.0
2014-09-16,6288,63546.0
2014-09-17,6288,53846.0
2014-09-18,6288,58517.0
2014-09-19,6288,57235.0
2014-09-20,6288,49907.0
2014-09-21,6288,54247.0
2014-09-22,6288,55382.0
2014-09-23,6288,52666.0
2014-09-24,6288,55553.0
2014-09-25,6288,55542.0
2014-09-26,6288,57864.0
2014-09-27,6288,55075.0
2014-09-28,6288,55079.0
2014-09-29,6288,57058.0
2014-09-30,6288,56589.0
2014-10-01,6288,60291.0
2014-10-02,6288,62468.0
2014-10-03,6288,63241.0
2014-10-04,6288,55730.0
2014-10-05,6288,43496.0
2014-10-06,6288,45115.0
2014-10-07,6288,53130.0
2014-10-08,6288,56242.0
2014-10-09,6288,58067.0
2014-10-10,6288,58652.0
2014-10-11,6288,55859.0
2014-10-12,6288,55389.0
2014-10-13,6288,59734.0
2014-10-14,6288,58953.0
2014-10-15,6288,54039.0
2014-10-16,6288,49167.0
2014-10-17,6288,46515.0
2014-10-18,6288,43950.0
2014-10-19,6288,44900.0
2014-10-20,6288,50165.0
2014-10-21,6288,51276.0
2014-10-22,6288,52001.0
2014-10-23,6288,49391.0
2014-10-24,6288,46414.0
2014-10-25,6288,42612.0
2014-10-26,6288,41257.0
2014-10-27,6288,45284.0
2014-10-28,6288,48660.0
2014-10-29,6288,49820.0
2014-10-30,6288,50522.0
2014-10-31,6288,48152.0
2014-11-01,6288,38881.0
2014-11-02,6288,40974.0
2014-11-03,6288,44450.0
2014-11-04,6288,43280.0
2014-11-05,6288,45012.0
2014-11-06,6288,47298.0
2014-11-07,6288,46466.0
2014-11-08,6288,39967.0
2014-11-09,6288,38835.0
2014-11-10,6288,42215.0
2014-11-11,6288,42327.0
2014-11-12,6288,42651.0
2014-11-13,6288,43048.0
2014-11-14,6288,42062.0
2014-11-15,6288,41161.0
2014-11-16,6288,41322.0
2014-11-17,6288,45329.0
2014-11-18,6288,44185.0
2014-11-19,6288,55698.0
2014-11-20,6288,52463.0
2014-11-21,6288,47440.0
2014-11-22,6288,40547.0
2014-11-23,6288,44564.0
2014-11-24,6288,50875.0
2014-11-25,6288,48412.0
2014-11-26,6288,43695.0
2014-11-27,6288,44291.0
2014-11-28,6288,44059.0
2014-11-29,6288,45512.0
2014-11-30,6288,41224.0
2014-12-01,6288,42996.0
2014-12-02,6288,44772.0
2014-12-03,6288,45549.0
2014-12-04,6288,46198.0
2014-12-05,6288,46073.0
2014-12-06,6288,45350.0
2014-12-07,6288,42391.0
2014-12-08,6288,42722.0
2014-12-09,6288,44684.0
2014-12-10,6288,49760.0
2014-12-11,6288,51531.0
2014-12-12,6288,51678.0
2014-12-13,6288,52707.0
2014-12-14,6288,49058.0
2014-12-15,6288,51605.0
2014-12-16,6288,48660.0
2014-12-17,6288,44222.0
2014-12-18,6288,46301.0
2014-12-19,6288,47321.0
2014-12-20,6288,43364.0
2014-12-21,6288,41362.0
2014-12-22,6288,43699.0
2014-12-23,6288,46984.0
2014-12-24,6288,49148.0
2014-12-25,6288,40192.0
2014-12-26,6288,40710.0
2014-12-27,6288,42228.0
2014-12-28,6288,43498.0
2014-12-29,6288,44923.0
2014-12-30,6288,45099.0
2014-12-31,6288,42878.0
2015-01-01,6288,40313.0
2015-01-02,6288,41864.0
2015-01-03,6288,45944.0
2015-01-04,6288,46999.0
2015-01-05,6288,45197.0
2015-01-06,6288,43495.0
2015-01-07,6288,44325.0
2015-01-08,6288,52553.0
2015-01-09,6288,53730.0
2015-01-10,6288,51564.0
2015-01-11,6288,44278.0
2015-01-12,6288,43611.0
2015-01-13,6288,44166.0
2015-01-14,6288,43446.0
2015-01-15,6288,45490.0
2015-01-16,6288,48242.0
2015-01-17,6288,46522.0
2015-01-18,6288,40772.0
2015-01-19,6288,45039.0
2015-01-20,6288,46462.0
2015-01-21,6288,45064.0
2015-01-22,6288,44173.0
2015-01-23,6288,44572.0
2015-01-24,6288,41489.0
2015-01-25,6288,44697.0
2015-01-26,6288,44624.0
2015-01-27,6288,48412.0
2015-01-28,6288,48513.0
2015-01-29,6288,51982.0
2015-01-30,6288,46888.0
2015-01-31,6288,45158.0
2015-02-01,6288,42200.0
2015-02-02,6288,41687.0
2015-02-03,6288,48546.0
2015-02-04,6288,46200.0
2015-02-05,6288,43297.0
2015-02-06,6288,47652.0
2015-02-07,6288,46072.0
2015-02-08,6288,42428.0
2015-02-09,6288,43918.0
2015-02-10,6288,45226.0
2015-02-11,6288,48016.0
2015-02-12,6288,48525.0
2015-02-13,6288,48262.0
2015-02-14,6288,54982.0
2015-02-15,6288,47502.0
2015-02-16,6288,45213.0
2015-02-17,6288,43943.0
2015-02-18,6288,46120.0
2015-02-19,6288,57338.0
2015-02-20,6288,67803.0
2015-02-21,6288,55098.0
2015-02-22,6288,42230.0
2015-02-23,6288,44715.0
2015-02-24,6288,43926.0
2015-02-25,6288,43691.0
2015-02-26,6288,43896.0
2015-02-27,6288,44563.0
2015-02-28,6288,44916.0
2015-03-01,6288,42839.0
2015-03-02,6288,47215.0
2015-03-03,6288,48540.0
2015-03-04,6288,49708.0
2015-03-05,6288,50146.0
2015-03-06,6288,47674.0
2015-03-07,6288,41301.0
2015-03-08,6288,41494.0
2015-03-09,6288,45160.0
2015-03-10,6288,50466.0
2015-03-11,6288,53507.0
2015-03-12,6288,54090.0
2015-03-13,6288,52363.0
2015-03-14,6288,51678.0
2015-03-15,6288,50470.0
2015-03-16,6288,51688.0
2015-03-17,6288,51208.0
2015-03-18,6288,52619.0
2015-03-19,6288,53439.0
2015-03-20,6288,52818.0
2015-03-21,6288,49932.0
2015-03-22,6288,50147.0
2015-03-23,6288,49672.0
2015-03-24,6288,49078.0
2015-03-25,6288,49421.0
2015-03-26,6288,51588.0
2015-03-27,6288,49089.0
2015-03-28,6288,40164.0
2015-03-29,6288,39942.0
2015-03-30,6288,43444.0
2015-03-31,6288,46100.0
2015-04-01,6288,48807.0
2015-04-02,6288,50848.0
2015-04-03,6288,51884.0
2015-04-04,6288,49855.0
2015-04-05,6288,49738.0
2015-04-06,6288,54328.0
2015-04-07,6288,55951.0
2015-04-08,6288,57820.0
2015-04-09,6288,58483.0
2015-04-10,6288,58705.0
2015-04-11,6288,56870.0
2015-04-12,6288,54108.0
2015-04-13,6288,57279.0
2015-04-14,6288,59033.0
2015-04-15,6288,60513.0
2015-04-16,6288,59343.0
2015-04-17,6288,55715.0
2015-04-18,6288,56505.0
2015-04-19,6288,57069.0
2015-04-20,6288,54371.0
2015-04-21,6288,52584.0
2015-04-22,6288,56290.0
2015-04-23,6288,53989.0
2015-04-24,6288,58133.0
2015-04-25,6288,57426.0
2015-04-26,6288,58929.0
2015-04-27,6288,61036.0
2015-04-28,6288,52222.0
2015-04-29,6288,57401.0
2015-04-30,6288,53839.0
2015-05-01,6288,49612.0
2015-05-02,6288,47007.0
2015-05-03,6288,47710.0
2015-05-04,6288,50656.0
2015-05-05,6288,52809.0
2015-05-06,6288,55436.0
2015-05-07,6288,57340.0
2015-05-08,6288,54679.0
2015-05-09,6288,54877.0
2015-05-10,6288,57082.0
2015-05-11,6288,62148.0
2015-05-12,6288,63552.0
2015-05-13,6288,61478.0
2015-05-14,6288,63007.0
2015-05-15,6288,62458.0
2015-05-16,6288,59326.0
2015-05-17,6288,58420.0
2015-05-18,6288,60232.0
2015-05-19,6288,63911.0
2015-05-20,6288,66081.0
2015-05-21,6288,65721.0
2015-05-22,6288,67356.0
2015-05-23,6288,61970.0
2015-05-24,6288,57274.0
2015-05-25,6288,58523.0
2015-05-26,6288,66528.0
2015-05-27,6288,61879.0
2015-05-28,6288,62614.0
2015-05-29,6288,60115.0
2015-05-30,6288,61192.0
2015-05-31,6288,61697.0
2015-06-01,6288,63233.0
2015-06-02,6288,54993.0
2015-06-03,6288,54752.0
2015-06-04,6288,61952.0
2015-06-05,6288,64227.0
2015-06-06,6288,55899.0
2015-06-07,6288,57817.0
2015-06-08,6288,62385.0
2015-06-09,6288,67301.0
2015-06-10,6288,59662.0
2015-06-11,6288,57290.0
2015-06-12,6288,60567.0
2015-06-13,6288,59925.0
2015-06-14,6288,63369.0
2015-06-15,6288,66484.0
2015-06-16,6288,66080.0
2015-06-17,6288,69372.0
2015-06-18,6288,71635.0
2015-06-19,6288,63526.0
2015-06-20,6288,63961.0
2015-06-21,6288,61114.0
2015-06-22,6288,68492.0
2015-06-23,6288,69971.0
2015-06-24,6288,64402.0
2015-06-25,6288,65858.0
2015-06-26,6288,62045.0
2015-06-27,6288,65479.0
2015-06-28,6288,63298.0
2015-06-29,6288,64209.0
2015-06-30,6288,67052.0
2015-07-01,6288,70084.0
2015-07-02,6288,65989.0
2015-07-03,6288,62085.0
2015-07-04,6288,60674.0
2015-07-05,6288,60292.0
2015-07-06,6288,59587.0
2015-07-07,6288,60972.0
2015-07-08,6288,61093.0
2015-07-09,6288,67167.0
2015-07-10,6288,68351.0
2015-07-11,6288,66319.0
2015-07-12,6288,59271.0
2015-07-13,6288,63526.0
2015-07-14,6288,64391.0
2015-07-15,6288,63881.0
2015-07-16,6288,59105.0
2015-07-17,6288,59119.0
2015-07-18,6288,60063.0
2015-07-19,6288,58830.0
2015-07-20,6288,64215.0
2015-07-21,6288,63376.0
2015-07-22,6288,64004.0
2015-07-23,6288,66211.0
2015-07-24,6288,58334.0
2015-07-25,6288,52501.0
2015-07-26,6288,56410.0
2015-07-27,6288,57427.0
2015-07-28,6288,59200.0
2015-07-29,6288,61295.0
2015-07-30,6288,61153.0
2015-07-31,6288,57932.0
2015-08-01,6288,52998.0
2015-08-02,6288,49219.0
2015-08-03,6288,52264.0
2015-08-04,6288,60537.0
2015-08-05,6288,65460.0
2015-08-06,6288,67400.0
2015-08-07,6288,64608.0
2015-08-08,6288,55978.0
2015-08-09,6288,59742.0
2015-08-10,6288,66075.0
2015-08-11,6288,68419.0
2015-08-12,6288,68951.0
2015-08-13,6288,66243.0
2015-08-14,6288,59662.0
2015-08-15,6288,57742.0
2015-08-16,6288,57055.0
2015-08-17,6288,64734.0
2015-08-18,6288,68131.0
2015-08-19,6288,67458.0
2015-08-20,6288,67542.0
2015-08-21,6288,68315.0
2015-08-22,6288,66635.0
2015-08-23,6288,65167.0
2015-08-24,6288,70627.0
2015-08-25,6288,72168.0
2015-08-26,6288,72727.0
2015-08-27,6288,61354.0
2015-08-28,6288,61203.0
2015-08-29,6288,56652.0
2015-08-30,6288,56304.0
2015-08-31,6288,61398.0
2015-09-01,6288,62769.0
2015-09-02,6288,67127.0
2015-09-03,6288,69561.0
2015-09-04,6288,67974.0
2015-09-05,6288,59996.0
2015-09-06,6288,58063.0
2015-09-07,6288,52229.0
2015-09-08,6288,59874.0
2015-09-09,6288,65863.0
2015-09-10,6288,68190.0
2015-09-11,6288,69028.0
2015-09-12,6288,60958.0
2015-09-13,6288,54489.0
2015-09-14,6288,59052.0
2015-09-15,6288,63480.0
2015-09-16,6288,57233.0
2015-09-17,6288,55784.0
2015-09-18,6288,57319.0
2015-09-19,6288,59928.0
2015-09-20,6288,60548.0
2015-09-21,6288,64034.0
2015-09-22,6288,63248.0
2015-09-23,6288,63019.0
2015-09-24,6288,62377.0
2015-09-25,6288,61966.0
2015-09-26,6288,58588.0
2015-09-27,6288,56554.0
2015-09-28,6288,55783.0
2015-09-29,6288,58841.0
2015-09-30,6288,63628.0
2015-10-01,6288,62925.0
2015-10-02,6288,62604.0
2015-10-03,6288,55328.0
2015-10-04,6288,45599.0
2015-10-05,6288,48551.0
2015-10-06,6288,51723.0
2015-10-07,6288,56109.0
2015-10-08,6288,58147.0
2015-10-09,6288,60550.0
2015-10-10,6288,56325.0
2015-10-11,6288,53369.0
2015-10-12,6288,52881.0
2015-10-13,6288,54069.0
2015-10-14,6288,57314.0
2015-10-15,6288,55991.0
2015-10-16,6288,51733.0
2015-10-17,6288,49138.0
2015-10-18,6288,46927.0
2015-10-19,6288,47041.0
2015-10-20,6288,49026.0
2015-10-21,6288,51122.0
2015-10-22,6288,53586.0
2015-10-23,6288,54454.0
2015-10-24,6288,50553.0
2015-10-25,6288,50660.0
2015-10-26,6288,53902.0
2015-10-27,6288,51405.0
2015-10-28,6288,53718.0
2015-10-29,6288,55841.0
2015-10-30,6288,53576.0
2015-10-31,6288,51421.0
2015-11-01,6288,56171.0
2015-11-02,6288,61177.0
2015-11-03,6288,62156.0
2015-11-04,6288,62245.0
2015-11-05,6288,63257.0
2015-11-06,6288,60575.0
2015-11-07,6288,58071.0
2015-11-08,6288,55773.0
2015-11-09,6288,56833.0
2015-11-10,6288,55487.0
2015-11-11,6288,54805.0
2015-11-12,6288,54240.0
2015-11-13,6288,54087.0
2015-11-14,6288,45197.0
2015-11-15,6288,43452.0
2015-11-16,6288,50005.0
2015-11-17,6288,53857.0
2015-11-18,6288,57451.0
2015-11-19,6288,56814.0
2015-11-20,6288,54233.0
2015-11-21,6288,48721.0
2015-11-22,6288,46870.0
2015-11-23,6288,42777.0
2015-11-24,6288,43632.0
2015-11-25,6288,44143.0
2015-11-26,6288,44511.0
2015-11-27,6288,42833.0
2015-11-28,6288,43534.0
2015-11-29,6288,43420.0
2015-11-30,6288,47615.0
2015-12-01,6288,50323.0
2015-12-02,6288,53199.0
2015-12-03,6288,50565.0
2015-12-04,6288,45765.0
2015-12-05,6288,46144.0
2015-12-06,6288,46353.0
2015-12-07,6288,46026.0
2015-12-08,6288,44932.0
2015-12-09,6288,45811.0
2015-12-10,6288,46680.0
2015-12-11,6288,46231.0
2015-12-12,6288,46277.0
2015-12-13,6288,47347.0
2015-12-14,6288,52711.0
2015-12-15,6288,52583.0
2015-12-16,6288,53100.0
2015-12-17,6288,53617.0
2015-12-18,6288,50536.0
2015-12-19,6288,42271.0
2015-12-20,6288,43402.0
2015-12-21,6288,45795.0
2015-12-22,6288,51805.0
2015-12-23,6288,53230.0
2015-12-24,6288,54235.0
2015-12-25,6288,51332.0
2015-12-26,6288,50267.0
2015-12-27,6288,50952.0
2015-12-28,6288,53634.0
2015-12-29,6288,55698.0
2015-12-30,6288,55790.0
2015-12-31,6288,55057.0
2016-01-01,6288,49577.0
2016-01-02,6288,43921.0
2016-01-03,6288,40487.0
2016-01-04,6288,44697.0
2016-01-05,6288,47712.0
2016-01-06,6288,45598.0
2016-01-07,6288,44494.0
2016-01-08,6288,44532.0
2016-01-09,6288,42487.0
2016-01-10,6288,41326.0
2016-01-11,6288,45593.0
2016-01-12,6288,51904.0
2016-01-13,6288,51792.0
2016-01-14,6288,51167.0
2016-01-15,6288,44834.0
2016-01-16,6288,42756.0
2016-01-17,6288,40281.0
2016-01-18,6288,49304.0
2016-01-19,6288,55024.0
2016-01-20,6288,60028.0
2016-01-21,6288,52528.0
2016-01-22,6288,45970.0
2016-01-23,6288,48855.0
2016-01-24,6288,58193.0
2016-01-25,6288,60442.0
2016-01-26,6288,47292.0
2016-01-27,6288,44002.0
2016-01-28,6288,44380.0
2016-01-29,6288,45148.0
2016-01-30,6288,46916.0
2016-01-31,6288,43107.0
2016-02-01,6288,44275.0
2016-02-02,6288,47263.0
2016-02-03,6288,50448.0
2016-02-04,6288,48610.0
2016-02-05,6288,44706.0
2016-02-06,6288,50000.0
2016-02-07,6288,51334.0
2016-02-08,6288,55300.0
2016-02-09,6288,49702.0
2016-02-10,6288,53849.0
2016-02-11,6288,58087.0
2016-02-12,6288,49352.0
2016-02-13,6288,43195.0
2016-02-14,6288,45823.0
2016-02-15,6288,44589.0
2016-02-16,6288,44722.0
2016-02-17,6288,45083.0
2016-02-18,6288,45544.0
2016-02-19,6288,45206.0
2016-02-20,6288,42514.0
2016-02-21,6288,41471.0
2016-02-22,6288,44464.0
2016-02-23,6288,47042.0
2016-02-24,6288,47374.0
2016-02-25,6288,43335.0
2016-02-26,6288,46461.0
2016-02-27,6288,48404.0
2016-02-28,6288,46534.0
2016-02-29,6288,44449.0
2016-03-01,6288,45267.0
2016-03-02,6288,44663.0
2016-03-03,6288,43431.0
2016-03-04,6288,44685.0
2016-03-05,6288,40834.0
2016-03-06,6288,40324.0
2016-03-07,6288,43674.0
2016-03-08,6288,45432.0
2016-03-09,6288,48138.0
2016-03-10,6288,49773.0
2016-03-11,6288,50534.0
2016-03-12,6288,48146.0
2016-03-13,6288,47741.0
2016-03-14,6288,49912.0
2016-03-15,6288,54925.0
2016-03-16,6288,54882.0
2016-03-17,6288,54460.0
2016-03-18,6288,49699.0
2016-03-19,6288,44130.0
2016-03-20,6288,43783.0
2016-03-21,6288,42132.0
2016-03-22,6288,44715.0
2016-03-23,6288,44327.0
2016-03-24,6288,46766.0
2016-03-25,6288,46204.0
2016-03-26,6288,48494.0
2016-03-27,6288,51739.0
2016-03-28,6288,53883.0
2016-03-29,6288,50744.0
2016-03-30,6288,47721.0
2016-03-31,6288,53981.0
2016-04-01,6288,57820.0
2016-04-02,6288,50885.0
2016-04-03,6288,41276.0
2016-04-04,6288,45353.0
2016-04-05,6288,47135.0
2016-04-06,6288,48923.0
2016-04-07,6288,51105.0
2016-04-08,6288,49883.0
2016-04-09,6288,43760.0
2016-04-10,6288,41461.0
2016-04-11,6288,48469.0
2016-04-12,6288,51052.0
2016-04-13,6288,53285.0
2016-04-14,6288,55823.0
2016-04-15,6288,53205.0
2016-04-16,6288,50014.0
2016-04-17,6288,45657.0
2016-04-18,6288,47382.0
2016-04-19,6288,47875.0
2016-04-20,6288,49736.0
2016-04-21,6288,51574.0
2016-04-22,6288,53658.0
2016-04-23,6288,51095.0
2016-04-24,6288,50196.0
2016-04-25,6288,55391.0
2016-04-26,6288,56327.0
2016-04-27,6288,56916.0
2016-04-28,6288,58920.0
2016-04-29,6288,61628.0
2016-04-30,6288,58305.0
2016-05-01,6288,57181.0
2016-05-02,6288,63408.0
2016-05-03,6288,64329.0
2016-05-04,6288,53869.0
2016-05-05,6288,47530.0
2016-05-06,6288,45662.0
2016-05-07,6288,42848.0
2016-05-08,6288,45392.0
2016-05-09,6288,52062.0
2016-05-10,6288,56023.0
2016-05-11,6288,59254.0
2016-05-12,6288,59207.0
2016-05-13,6288,60047.0
2016-05-14,6288,59446.0
2016-05-15,6288,54405.0
2016-05-16,6288,59517.0
2016-05-17,6288,59180.0
2016-05-18,6288,58005.0
2016-05-19,6288,64569.0
2016-05-20,6288,63434.0
2016-05-21,6288,58782.0
2016-05-22,6288,57729.0
2016-05-23,6288,58679.0
2016-05-24,6288,59598.0
2016-05-25,6288,62385.0
2016-05-26,6288,58432.0
2016-05-27,6288,58278.0
2016-05-28,6288,59041.0
2016-05-29,6288,57725.0
2016-05-30,6288,59504.0
2016-05-31,6288,63701.0
2016-06-01,6288,64059.0
2016-06-02,6288,65817.0
2016-06-03,6288,69329.0
2016-06-04,6288,67241.0
2016-06-05,6288,63920.0
2016-06-06,6288,55981.0
2016-06-07,6288,60601.0
2016-06-08,6288,64910.0
2016-06-09,6288,62362.0
2016-06-10,6288,62069.0
2016-06-11,6288,59185.0
2016-06-12,6288,58603.0
2016-06-13,6288,65613.0
2016-06-14,6288,70455.0
2016-06-15,6288,73434.0
2016-06-16,6288,70621.0
2016-06-17,6288,68882.0
2016-06-18,6288,68170.0
2016-06-19,6288,58962.0
2016-06-20,6288,59171.0
2016-06-21,6288,59204.0
2016-06-22,6288,65232.0
2016-06-23,6288,72175.0
2016-06-24,6288,70577.0
2016-06-25,6288,67020.0
2016-06-26,6288,60354.0
2016-06-27,6288,61449.0
2016-06-28,6288,68305.0
2016-06-29,6288,68998.0
2016-06-30,6288,67135.0
2016-07-01,6288,67703.0
2016-07-02,6288,61127.0
2016-07-03,6288,58410.0
2016-07-04,6288,66710.0
2016-07-05,6288,72687.0
2016-07-06,6288,76048.0
2016-07-07,6288,71481.0
2016-07-08,6288,69894.0
2016-07-09,6288,71089.0
2016-07-10,6288,67755.0
2016-07-11,6288,72804.0
2016-07-12,6288,70445.0
2016-07-13,6288,69161.0
2016-07-14,6288,67552.0
2016-07-15,6288,69132.0
2016-07-16,6288,65487.0
2016-07-17,6288,63214.0
2016-07-18,6288,65211.0
2016-07-19,6288,62831.0
2016-07-20,6288,65376.0
2016-07-21,6288,69061.0
2016-07-22,6288,64819.0
2016-07-23,6288,59785.0
2016-07-24,6288,61637.0
2016-07-25,6288,61613.0
2016-07-26,6288,69355.0
2016-07-27,6288,73034.0
2016-07-28,6288,73611.0
2016-07-29,6288,69957.0
2016-07-30,6288,64350.0
2016-07-31,6288,63972.0
2016-08-01,6288,67331.0
2016-08-02,6288,71899.0
2016-08-03,6288,67067.0
2016-08-04,6288,67039.0
2016-08-05,6288,65584.0
2016-08-06,6288,57598.0
2016-08-07,6288,53860.0
2016-08-08,6288,55035.0
2016-08-09,6288,57103.0
2016-08-10,6288,63445.0
2016-08-11,6288,67151.0
2016-08-12,6288,67411.0
2016-08-13,6288,66365.0
2016-08-14,6288,63489.0
2016-08-15,6288,68454.0
2016-08-16,6288,70271.0
2016-08-17,6288,68011.0
2016-08-18,6288,68667.0
2016-08-19,6288,67471.0
2016-08-20,6288,66177.0
2016-08-21,6288,67815.0
2016-08-22,6288,72001.0
2016-08-23,6288,74803.0
2016-08-24,6288,67565.0
2016-08-25,6288,69393.0
2016-08-26,6288,69866.0
2016-08-27,6288,65355.0
2016-08-28,6288,63347.0
2016-08-29,6288,66364.0
2016-08-30,6288,64346.0
2016-08-31,6288,56851.0
2016-09-01,6288,55119.0
2016-09-02,6288,58188.0
2016-09-03,6288,56761.0
2016-09-04,6288,61127.0
2016-09-05,6288,61064.0
2016-09-06,6288,61189.0
2016-09-07,6288,65431.0
2016-09-08,6288,64154.0
2016-09-09,6288,68727.0
2016-09-10,6288,68535.0
2016-09-11,6288,67638.0
2016-09-12,6288,66994.0
2016-09-13,6288,63951.0
2016-09-14,6288,67284.0
2016-09-15,6288,68341.0
2016-09-16,6288,67905.0
2016-09-17,6288,65157.0
2016-09-18,6288,65339.0
2016-09-19,6288,68973.0
2016-09-20,6288,66284.0
2016-09-21,6288,65960.0
2016-09-22,6288,65243.0
2016-09-23,6288,65943.0
2016-09-24,6288,64437.0
2016-09-25,6288,61513.0
2016-09-26,6288,63190.0
2016-09-27,6288,60135.0
2016-09-28,6288,62910.0
2016-09-29,6288,60782.0
2016-09-30,6288,62257.0
2016-10-01,6288,60178.0
2016-10-02,6288,60244.0
2016-10-03,6288,58177.0
2016-10-04,6288,60036.0
2016-10-05,6288,62237.0
2016-10-06,6288,62418.0
2016-10-07,6288,55660.0
2016-10-08,6288,60337.0
2016-10-09,6288,57813.0
2016-10-10,6288,53034.0
2016-10-11,6288,50657.0
2016-10-12,6288,53500.0
2016-10-13,6288,56765.0
2016-10-14,6288,57516.0
2016-10-15,6288,55975.0
2016-10-16,6288,56559.0
2016-10-17,6288,57302.0
2016-10-18,6288,58090.0
2016-10-19,6288,56982.0
2016-10-20,6288,55249.0
2016-10-21,6288,54958.0
2016-10-22,6288,44990.0
2016-10-23,6288,40696.0
2016-10-24,6288,45086.0
2016-10-25,6288,46444.0
2016-10-26,6288,49754.0
2016-10-27,6288,50920.0
2016-10-28,6288,51526.0
2016-10-29,6288,50201.0
2016-10-30,6288,51177.0
2016-10-31,6288,52902.0
2016-11-01,6288,51916.0
2016-11-02,6288,52144.0
2016-11-03,6288,52264.0
2016-11-04,6288,51448.0
2016-11-05,6288,49577.0
2016-11-06,6288,45967.0
2016-11-07,6288,48110.0
2016-11-08,6288,47654.0
2016-11-09,6288,48225.0
2016-11-10,6288,47790.0
2016-11-11,6288,44868.0
2016-11-12,6288,42449.0
2016-11-13,6288,43066.0
2016-11-14,6288,44880.0
2016-11-15,6288,43109.0
2016-11-16,6288,44097.0
2016-11-17,6288,44140.0
2016-11-18,6288,43948.0
2016-11-19,6288,41362.0
2016-11-20,6288,37522.0
2016-11-21,6288,43568.0
2016-11-22,6288,47167.0
2016-11-23,6288,44531.0
2016-11-24,6288,44262.0
2016-11-25,6288,42361.0
2016-11-26,6288,42126.0
2016-11-27,6288,40719.0
2016-11-28,6288,44135.0
2016-11-29,6288,48685.0
2016-11-30,6288,50648.0
2016-12-01,6288,52351.0
2016-12-02,6288,45627.0
2016-12-03,6288,42618.0
2016-12-04,6288,45279.0
2016-12-05,6288,51607.0
2016-12-06,6288,54690.0
2016-12-07,6288,47965.0
2016-12-08,6288,44292.0
2016-12-09,6288,44347.0
2016-12-10,6288,45518.0
2016-12-11,6288,42376.0
2016-12-12,6288,47979.0
2016-12-13,6288,50136.0
2016-12-14,6288,48951.0
2016-12-15,6288,48289.0
2016-12-16,6288,45480.0
2016-12-17,6288,46414.0
2016-12-18,6288,50300.0
2016-12-19,6288,54543.0
2016-12-20,6288,51738.0
2016-12-21,6288,46063.0
2016-12-22,6288,44650.0
2016-12-23,6288,45037.0
2016-12-24,6288,47000.0
2016-12-25,6288,46083.0
2016-12-26,6288,46032.0
2016-12-27,6288,49430.0
2016-12-28,6288,49977.0
2016-12-29,6288,47849.0
2016-12-30,6288,44432.0
2016-12-31,6288,48460.0
2017-01-01,6288,41714.0
2017-01-02,6288,46664.0
2017-01-03,6288,52625.0
2017-01-04,6288,50208.0
2017-01-05,6288,45647.0
2017-01-06,6288,45666.0
2017-01-07,6288,44334.0
2017-01-08,6288,58253.0
2017-01-09,6288,60921.0
2017-01-10,6288,51453.0
2017-01-11,6288,46544.0
2017-01-12,6288,46022.0
2017-01-13,6288,46149.0
2017-01-14,6288,44817.0
2017-01-15,6288,42213.0
2017-01-16,6288,44805.0
2017-01-17,6288,47302.0
2017-01-18,6288,47667.0
2017-01-19,6288,47085.0
2017-01-20,6288,47418.0
2017-01-21,6288,46604.0
2017-01-22,6288,48414.0
2017-01-23,6288,45456.0
2017-01-24,6288,44433.0
2017-01-25,6288,45411.0
2017-01-26,6288,46611.0
2017-01-27,6288,44458.0
2017-01-28,6288,45748.0
2017-01-29,6288,49948.0
2017-01-30,6288,49454.0
2017-01-31,6288,52726.0
2017-02-01,6288,48144.0
2017-02-02,6288,46189.0
2017-02-03,6288,45269.0
2017-02-04,6288,43237.0
2017-02-05,6288,42502.0
2017-02-06,6288,45461.0
2017-02-07,6288,47488.0
2017-02-08,6288,48899.0
2017-02-09,6288,51477.0
2017-02-10,6288,44442.0
2017-02-11,6288,43701.0
2017-02-12,6288,43088.0
2017-02-13,6288,46900.0
2017-02-14,6288,47692.0
2017-02-15,6288,48604.0
2017-02-16,6288,44213.0
2017-02-17,6288,45714.0
2017-02-18,6288,42469.0
2017-02-19,6288,43346.0
2017-02-20,6288,46731.0
2017-02-21,6288,46687.0
2017-02-22,6288,45383.0
2017-02-23,6288,45063.0
2017-02-24,6288,49312.0
2017-02-25,6288,47095.0
2017-02-26,6288,42844.0
2017-02-27,6288,48282.0
2017-02-28,6288,53558.0
2017-03-01,6288,54661.0
2017-03-02,6288,53863.0
2017-03-03,6288,46430.0
2017-03-04,6288,41913.0
2017-03-05,6288,41073.0
2017-03-06,6288,44200.0
2017-03-07,6288,46477.0
2017-03-08,6288,49640.0
2017-03-09,6288,51320.0
2017-03-10,6288,50190.0
2017-03-11,6288,48083.0
2017-03-12,6288,46060.0
2017-03-13,6288,44844.0
2017-03-14,6288,43826.0
2017-03-15,6288,44391.0
2017-03-16,6288,51027.0
2017-03-17,6288,48794.0
2017-03-18,6288,42380.0
2017-03-19,6288,41031.0
2017-03-20,6288,44126.0
2017-03-21,6288,46009.0
2017-03-22,6288,47212.0
2017-03-23,6288,49190.0
2017-03-24,6288,46942.0
2017-03-25,6288,45432.0
2017-03-26,6288,47125.0
2017-03-27,6288,52052.0
2017-03-28,6288,53699.0
2017-03-29,6288,54521.0
2017-03-30,6288,54638.0
2017-03-31,6288,54242.0
2017-04-01,6288,53011.0
2017-04-02,6288,53061.0
2017-04-03,6288,62200.0
2017-04-04,6288,61325.0
2017-04-05,6288,61943.0
2017-04-06,6288,56302.0
2017-04-07,6288,44197.0
2017-04-08,6288,41877.0
2017-04-09,6288,42418.0
2017-04-10,6288,48169.0
2017-04-11,6288,50944.0
2017-04-12,6288,52891.0
2017-04-13,6288,53910.0
2017-04-14,6288,52526.0
2017-04-15,6288,51127.0
2017-04-16,6288,50485.0
2017-04-17,6288,53432.0
2017-04-18,6288,55951.0
2017-04-19,6288,57713.0
2017-04-20,6288,56883.0
2017-04-21,6288,55990.0
2017-04-22,6288,52244.0
2017-04-23,6288,54693.0
2017-04-24,6288,54974.0
2017-04-25,6288,50748.0
2017-04-26,6288,52354.0
2017-04-27,6288,60568.0
2017-04-28,6288,65422.0
2017-04-29,6288,64931.0
2017-04-30,6288,61662.0
2017-05-01,6288,64403.0
2017-05-02,6288,63083.0
2017-05-03,6288,62474.0
2017-05-04,6288,60457.0
2017-05-05,6288,52412.0
2017-05-06,6288,44461.0
2017-05-07,6288,45156.0
2017-05-08,6288,53506.0
2017-05-09,6288,56723.0
2017-05-10,6288,60698.0
2017-05-11,6288,62397.0
2017-05-12,6288,61084.0
2017-05-13,6288,55795.0
2017-05-14,6288,53743.0
2017-05-15,6288,62400.0
2017-05-16,6288,67173.0
2017-05-17,6288,69864.0
2017-05-18,6288,69283.0
2017-05-19,6288,70757.0
2017-05-20,6288,65563.0
2017-05-21,6288,63321.0
2017-05-22,6288,66797.0
2017-05-23,6288,65313.0
2017-05-24,6288,63948.0
2017-05-25,6288,56953.0
2017-05-26,6288,56460.0
2017-05-27,6288,54394.0
2017-05-28,6288,57253.0
2017-05-29,6288,63355.0
2017-05-30,6288,67205.0
2017-05-31,6288,68909.0
2017-06-01,6288,68616.0
2017-06-02,6288,60851.0
2017-06-03,6288,56450.0
2017-06-04,6288,53582.0
2017-06-05,6288,53637.0
2017-06-06,6288,55017.0
2017-06-07,6288,54303.0
2017-06-08,6288,58877.0
2017-06-09,6288,61597.0
2017-06-10,6288,59567.0
2017-06-11,6288,54251.0
2017-06-12,6288,58980.0
2017-06-13,6288,59918.0
2017-06-14,6288,57897.0
2017-06-15,6288,58119.0
2017-06-16,6288,57236.0
2017-06-17,6288,60435.0
2017-06-18,6288,61038.0
2017-06-19,6288,57391.0
2017-06-20,6288,61084.0
2017-06-21,6288,67069.0
2017-06-22,6288,69246.0
2017-06-23,6288,68773.0
2017-06-24,6288,70058.0
2017-06-25,6288,68189.0
2017-06-26,6288,65669.0
2017-06-27,6288,68333.0
2017-06-28,6288,67698.0
2017-06-29,6288,68160.0
2017-06-30,6288,68165.0
2017-07-01,6288,60893.0
2017-07-02,6288,61484.0
2017-07-03,6288,64573.0
2017-07-04,6288,62326.0
2017-07-05,6288,68505.0
2017-07-06,6288,70767.0
2017-07-07,6288,72468.0
2017-07-08,6288,68914.0
2017-07-09,6288,65188.0
2017-07-10,6288,68069.0
2017-07-11,6288,64168.0
2017-07-12,6288,63842.0
2017-07-13,6288,63325.0
2017-07-14,6288,66885.0
2017-07-15,6288,63107.0
2017-07-16,6288,67505.0
2017-07-17,6288,67313.0
2017-07-18,6288,61789.0
2017-07-19,6288,66590.0
2017-07-20,6288,66903.0
2017-07-21,6288,63836.0
2017-07-22,6288,56175.0
2017-07-23,6288,53066.0
2017-07-24,6288,62444.0
2017-07-25,6288,70292.0
2017-07-26,6288,72764.0
2017-07-27,6288,74584.0
2017-07-28,6288,73625.0
2017-07-29,6288,67418.0
2017-07-30,6288,59448.0
2017-07-31,6288,55979.0
2017-08-01,6288,63372.0
2017-08-02,6288,61687.0
2017-08-03,6288,61939.0
2017-08-04,6288,66981.0
2017-08-05,6288,68991.0
2017-08-06,6288,67051.0
2017-08-07,6288,72025.0
2017-08-08,6288,72414.0
2017-08-09,6288,72275.0
2017-08-10,6288,71314.0
2017-08-11,6288,71101.0
2017-08-12,6288,66658.0
2017-08-13,6288,66011.0
2017-08-14,6288,70992.0
2017-08-15,6288,74894.0
2017-08-16,6288,72223.0
2017-08-17,6288,70003.0
2017-08-18,6288,65833.0
2017-08-19,6288,66235.0
2017-08-20,6288,68136.0
2017-08-21,6288,68904.0
2017-08-22,6288,71841.0
2017-08-23,6288,72535.0
2017-08-24,6288,68170.0
2017-08-25,6288,65879.0
2017-08-26,6288,62370.0
2017-08-27,6288,60162.0
2017-08-28,6288,59744.0
2017-08-29,6288,60629.0
2017-08-30,6288,65998.0
2017-08-31,6288,73627.0
2017-09-01,6288,71351.0
2017-09-02,6288,58333.0
2017-09-03,6288,57424.0
2017-09-04,6288,63554.0
2017-09-05,6288,66831.0
2017-09-06,6288,63448.0
2017-09-07,6288,68157.0
2017-09-08,6288,68425.0
2017-09-09,6288,60946.0
2017-09-10,6288,47636.0
2017-09-11,6288,28074.0
2017-09-12,6288,41529.0
2017-09-13,6288,53760.0
2017-09-14,6288,62986.0
2017-09-15,6288,66252.0
2017-09-16,6288,67520.0
2017-09-17,6288,67161.0
2017-09-18,6288,66334.0
2017-09-19,6288,65387.0
2017-09-20,6288,66534.0
2017-09-21,6288,66560.0
2017-09-22,6288,66495.0
2017-09-23,6288,63010.0
2017-09-24,6288,60579.0
2017-09-25,6288,66302.0
2017-09-26,6288,69317.0
2017-09-27,6288,69794.0
2017-09-28,6288,69183.0
2017-09-29,6288,67290.0
2017-09-30,6288,60074.0
2017-10-01,6288,59552.0
2017-10-02,6288,61134.0
2017-10-03,6288,58796.0
2017-10-04,6288,58814.0
2017-10-05,6288,57035.0
2017-10-06,6288,62250.0
2017-10-07,6288,67376.0
2017-10-08,6288,65470.0
2017-10-09,6288,68529.0
2017-10-10,6288,69354.0
2017-10-11,6288,68210.0
2017-10-12,6288,63667.0
2017-10-13,6288,63458.0
2017-10-14,6288,60316.0
2017-10-15,6288,58747.0
2017-10-16,6288,63251.0
2017-10-17,6288,58697.0
2017-10-18,6288,54234.0
2017-10-19,6288,56753.0
2017-10-20,6288,59545.0
2017-10-21,6288,56358.0
2017-10-22,6288,58085.0
2017-10-23,6288,60665.0
2017-10-24,6288,54877.0
2017-10-25,6288,45429.0
2017-10-26,6288,42858.0
2017-10-27,6288,45584.0
2017-10-28,6288,45062.0
2017-10-29,6288,42876.0
2017-10-30,6288,43645.0
2017-10-31,6288,46085.0
2017-11-01,6288,45927.0
2017-11-02,6288,49055.0
2017-11-03,6288,50170.0
2017-11-04,6288,48389.0
2017-11-05,6288,47727.0
2017-11-06,6288,52847.0
2017-11-07,6288,53683.0
2017-11-08,6288,52521.0
2017-11-09,6288,52815.0
2017-11-10,6288,48453.0
2017-11-11,6288,45621.0
2017-11-12,6288,46611.0
2017-11-13,6288,51339.0
2017-11-14,6288,50389.0
2017-11-15,6288,46321.0
2017-11-16,6288,45737.0
2017-11-17,6288,45362.0
2017-11-18,6288,43847.0
2017-11-19,6288,43274.0
2017-11-20,6288,43516.0
2017-11-21,6288,44228.0
2017-11-22,6288,47384.0
2017-11-23,6288,46425.0
2017-11-24,6288,40312.0
2017-11-25,6288,41112.0
2017-11-26,6288,41669.0
2017-11-27,6288,44261.0
2017-11-28,6288,47847.0
2017-11-29,6288,51420.0
2017-11-30,6288,49893.0
2017-12-01,6288,48327.0
2017-12-02,6288,47039.0
2017-12-03,6288,45379.0
2017-12-04,6288,47308.0
2017-12-05,6288,50115.0
2017-12-06,6288,50446.0
2017-12-07,6288,48528.0
2017-12-08,6288,49918.0
2017-12-09,6288,45095.0
2017-12-10,6288,49551.0
2017-12-11,6288,57944.0
2017-12-12,6288,54103.0
2017-12-13,6288,50479.0
2017-12-14,6288,52887.0
2017-12-15,6288,45970.0
2017-12-16,6288,43769.0
2017-12-17,6288,43547.0
2017-12-18,6288,47340.0
2017-12-19,6288,49671.0
2017-12-20,6288,49648.0
2017-12-21,6288,51237.0
2017-12-22,6288,46871.0
2017-12-23,6288,45758.0
2017-12-24,6288,46060.0
2017-12-25,6288,42713.0
2017-12-26,6288,42048.0
2017-12-27,6288,45093.0
2017-12-28,6288,44233.0
2017-12-29,6288,43257.0
2017-12-30,6288,44150.0
2017-12-31,6288,45399.0
2018-01-01,6288,43192.0
2018-01-02,6288,64435.0
2018-01-03,6288,65172.0
2018-01-04,6288,73617.0
2018-01-05,6288,72098.0
2018-01-06,6288,66583.0
2018-01-07,6288,60393.0
2018-01-08,6288,49693.0
2018-01-09,6288,45053.0
2018-01-10,6288,45563.0
2018-01-11,6288,46499.0
2018-01-12,6288,45952.0
2018-01-13,6288,44026.0
2018-01-14,6288,58420.0
2018-01-15,6288,56358.0
2018-01-16,6288,52253.0
2018-01-17,6288,50494.0
2018-01-18,6288,73027.0
2018-01-19,6288,68990.0
2018-01-20,6288,54304.0
2018-01-21,6288,43422.0
2018-01-22,6288,45008.0
2018-01-23,6288,46345.0
2018-01-24,6288,44912.0
2018-01-25,6288,48675.0
2018-01-26,6288,47766.0
2018-01-27,6288,43014.0
2018-01-28,6288,42540.0
2018-01-29,6288,44762.0
2018-01-30,6288,45945.0
2018-01-31,6288,52917.0
2018-02-01,6288,47907.0
2018-02-02,6288,44982.0
2018-02-03,6288,42423.0
2018-02-04,6288,41756.0
2018-02-05,6288,44039.0
2018-02-06,6288,46038.0
2018-02-07,6288,47257.0
2018-02-08,6288,48172.0
2018-02-09,6288,47826.0
2018-02-10,6288,48450.0
2018-02-11,6288,48631.0
2018-02-12,6288,52469.0
2018-02-13,6288,52695.0
2018-02-14,6288,51568.0
2018-02-15,6288,51002.0
2018-02-16,6288,51186.0
2018-02-17,6288,48457.0
2018-02-18,6288,45898.0
2018-02-19,6288,50911.0
2018-02-20,6288,55207.0
2018-02-21,6288,57545.0
2018-02-22,6288,54850.0
2018-02-23,6288,54220.0
2018-02-24,6288,52157.0
2018-02-25,6288,53045.0
2018-02-26,6288,55619.0
2018-02-27,6288,54576.0
2018-02-28,6288,52603.0
2018-03-01,6288,53424.0
2018-03-02,6288,51642.0
2018-03-03,6288,41994.0
2018-03-04,6288,40231.0
2018-03-05,6288,43251.0
2018-03-06,6288,44084.0
2018-03-07,6288,44415.0
2018-03-08,6288,43001.0
2018-03-09,6288,46625.0
2018-03-10,6288,43236.0
2018-03-11,6288,42532.0
2018-03-12,6288,43518.0
2018-03-13,6288,44304.0
2018-03-14,6288,47328.0
2018-03-15,6288,47608.0
2018-03-16,6288,48583.0
2018-03-17,6288,42592.0
2018-03-18,6288,43122.0
2018-03-19,6288,49364.0
2018-03-20,6288,51562.0
2018-03-21,6288,44719.0
2018-03-22,6288,45301.0
2018-03-23,6288,47461.0
2018-03-24,6288,44339.0
2018-03-25,6288,42952.0
2018-03-26,6288,47727.0
2018-03-27,6288,49117.0
2018-03-28,6288,48346.0
2018-03-29,6288,50728.0
2018-03-30,6288,52221.0
2018-03-31,6288,47239.0
2018-04-01,6288,48073.0
2018-04-02,6288,52537.0
2018-04-03,6288,54594.0
2018-04-04,6288,55435.0
2018-04-05,6288,51808.0
2018-04-06,6288,51225.0
2018-04-07,6288,51257.0
2018-04-08,6288,48879.0
2018-04-09,6288,56133.0
2018-04-10,6288,53501.0
2018-04-11,6288,47006.0
2018-04-12,6288,47087.0
2018-04-13,6288,52528.0
2018-04-14,6288,53166.0
2018-04-15,6288,53052.0
2018-04-16,6288,43335.0
2018-04-17,6288,44196.0
2018-04-18,6288,47780.0
2018-04-19,6288,50092.0
2018-04-20,6288,51791.0
2018-04-21,6288,52503.0
2018-04-22,6288,54560.0
2018-04-23,6288,56668.0
2018-04-24,6288,56904.0
2018-04-25,6288,50958.0
2018-04-26,6288,50706.0
2018-04-27,6288,54404.0
2018-04-28,6288,50007.0
2018-04-29,6288,50809.0
2018-04-30,6288,55348.0
2018-05-01,6288,55253.0
2018-05-02,6288,54013.0
2018-05-03,6288,54624.0
2018-05-04,6288,58012.0
2018-05-05,6288,55672.0
2018-05-06,6288,52922.0
2018-05-07,6288,57109.0
2018-05-08,6288,57518.0
2018-05-09,6288,58431.0
2018-05-10,6288,59748.0
2018-05-11,6288,61359.0
2018-05-12,6288,55536.0
2018-05-13,6288,49799.0
2018-05-14,6288,49513.0
2018-05-15,6288,55523.0
2018-05-16,6288,57201.0
2018-05-17,6288,58400.0
2018-05-18,6288,56895.0
2018-05-19,6288,56109.0
2018-05-20,6288,47456.0
2018-05-21,6288,51843.0
2018-05-22,6288,54735.0
2018-05-23,6288,58736.0
2018-05-24,6288,64324.0
2018-05-25,6288,60582.0
2018-05-26,6288,51171.0
2018-05-27,6288,49353.0
2018-05-28,6288,57940.0
2018-05-29,6288,60957.0
2018-05-30,6288,56343.0
2018-05-31,6288,59621.0
2018-06-01,6288,61106.0
2018-06-02,6288,63223.0
2018-06-03,6288,63253.0
2018-06-04,6288,68460.0
2018-06-05,6288,71041.0
2018-06-06,6288,62594.0
2018-06-07,6288,61276.0
2018-06-08,6288,60623.0
2018-06-09,6288,58693.0
2018-06-10,6288,62777.0
2018-06-11,6288,68105.0
2018-06-12,6288,66041.0
2018-06-13,6288,66115.0
2018-06-14,6288,65089.0
2018-06-15,6288,66995.0
2018-06-16,6288,63557.0
2018-06-17,6288,65535.0
2018-06-18,6288,70834.0
2018-06-19,6288,70892.0
2018-06-20,6288,69816.0
2018-06-21,6288,70643.0
2018-06-22,6288,70503.0
2018-06-23,6288,71334.0
2018-06-24,6288,68329.0
2018-06-25,6288,64654.0
2018-06-26,6288,68858.0
2018-06-27,6288,69542.0
2018-06-28,6288,65444.0
2018-06-29,6288,60265.0
2018-06-30,6288,56501.0
2018-07-01,6288,58854.0
2018-07-02,6288,68292.0
2018-07-03,6288,66501.0
2018-07-04,6288,58135.0
2018-07-05,6288,59525.0
2018-07-06,6288,59345.0
2018-07-07,6288,61423.0
2018-07-08,6288,65338.0
2018-07-09,6288,68931.0
2018-07-10,6288,69685.0
2018-07-11,6288,70516.0
2018-07-12,6288,66991.0
2018-07-13,6288,67754.0
2018-07-14,6288,65637.0
2018-07-15,6288,64396.0
2018-07-16,6288,70705.0
2018-07-17,6288,70989.0
2018-07-18,6288,66599.0
2018-07-19,6288,64730.0
2018-07-20,6288,62586.0
2018-07-21,6288,63416.0
2018-07-22,6288,70261.0
2018-07-23,6288,64896.0
2018-07-24,6288,64979.0
2018-07-25,6288,67099.0
2018-07-26,6288,65924.0
2018-07-27,6288,68610.0
2018-07-28,6288,68368.0
2018-07-29,6288,62828.0
2018-07-30,6288,61729.0
2018-07-31,6288,61206.0
2018-08-01,6288,64184.0
2018-08-02,6288,68169.0
2018-08-03,6288,66531.0
2018-08-04,6288,68598.0
2018-08-05,6288,69123.0
2018-08-06,6288,68548.0
2018-08-07,6288,69768.0
2018-08-08,6288,69442.0
2018-08-09,6288,71583.0
2018-08-10,6288,68035.0
2018-08-11,6288,61338.0
2018-08-12,6288,61540.0
2018-08-13,6288,65389.0
2018-08-14,6288,66209.0
2018-08-15,6288,66267.0
2018-08-16,6288,68011.0
2018-08-17,6288,70679.0
2018-08-18,6288,70808.0
2018-08-19,6288,69046.0
2018-08-20,6288,67346.0
2018-08-21,6288,69382.0
2018-08-22,6288,69041.0
2018-08-23,6288,71085.0
2018-08-24,6288,70340.0
2018-08-25,6288,63048.0
2018-08-26,6288,62207.0
2018-08-27,6288,65646.0
2018-08-28,6288,66182.0
2018-08-29,6288,60249.0
2018-08-30,6288,55899.0
2018-08-31,6288,61914.0
2018-09-01,6288,62193.0
2018-09-02,6288,62192.0
2018-09-03,6288,57549.0
2018-09-04,6288,63678.0
2018-09-05,6288,67904.0
2018-09-06,6288,66011.0
2018-09-07,6288,63118.0
2018-09-08,6288,61198.0
2018-09-09,6288,59750.0
2018-09-10,6288,65081.0
2018-09-11,6288,65568.0
2018-09-12,6288,70946.0
2018-09-13,6288,69894.0
2018-09-14,6288,66911.0
2018-09-15,6288,70316.0
2018-09-16,6288,70238.0
2018-09-17,6288,72847.0
2018-09-18,6288,71806.0
2018-09-19,6288,70636.0
2018-09-20,6288,68959.0
2018-09-21,6288,63874.0
2018-09-22,6288,62360.0
2018-09-23,6288,63413.0
2018-09-24,6288,66368.0
2018-09-25,6288,67404.0
2018-09-26,6288,70008.0
2018-09-27,6288,69684.0
2018-09-28,6288,69562.0
2018-09-29,6288,67435.0
2018-09-30,6288,65233.0
2018-10-01,6288,66221.0
2018-10-02,6288,66219.0
2018-10-03,6288,63309.0
2018-10-04,6288,64188.0
2018-10-05,6288,65435.0
2018-10-06,6288,62687.0
2018-10-07,6288,58383.0
2018-10-08,6288,58775.0
2018-10-09,6288,63111.0
2018-10-10,6288,65752.0
2018-10-11,6288,66933.0
2018-10-12,6288,64534.0
2018-10-13,6288,54367.0
2018-10-14,6288,57633.0
2018-10-15,6288,67567.0
2018-10-16,6288,69316.0
2018-10-17,6288,68954.0
2018-10-18,6288,66781.0
2018-10-19,6288,66086.0
2018-10-20,6288,61827.0
2018-10-21,6288,57069.0
2018-10-22,6288,51481.0
2018-10-23,6288,54027.0
2018-10-24,6288,56711.0
2018-10-25,6288,55954.0
2018-10-26,6288,57259.0
2018-10-27,6288,49335.0
2018-10-28,6288,42452.0
2018-10-29,6288,46029.0
2018-10-30,6288,50896.0
2018-10-31,6288,50520.0
2018-11-01,6288,52445.0
2018-11-02,6288,53995.0
2018-11-03,6288,43029.0
2018-11-04,6288,44860.0
2018-11-05,6288,53672.0
2018-11-06,6288,56440.0
2018-11-07,6288,56682.0
2018-11-08,6288,59653.0
2018-11-09,6288,59514.0
2018-11-10,6288,55708.0
2018-11-11,6288,51387.0
2018-11-12,6288,56918.0
2018-11-13,6288,59340.0
2018-11-14,6288,58382.0
2018-11-15,6288,50072.0
2018-11-16,6288,43463.0
2018-11-17,6288,43708.0
2018-11-18,6288,42009.0
2018-11-19,6288,46741.0
2018-11-20,6288,49086.0
2018-11-21,6288,44960.0
2018-11-22,6288,41474.0
2018-11-23,6288,40946.0
2018-11-24,6288,44889.0
2018-11-25,6288,45433.0
2018-11-26,6288,49310.0
2018-11-27,6288,43533.0
2018-11-28,6288,49390.0
2018-11-29,6288,53398.0
2018-11-30,6288,49029.0
2018-12-01,6288,44673.0
2018-12-02,6288,51030.0
2018-12-03,6288,55001.0
2018-12-04,6288,51739.0
2018-12-05,6288,44590.0
2018-12-06,6288,51109.0
2018-12-07,6288,47376.0
2018-12-08,6288,43897.0
2018-12-09,6288,43388.0
2018-12-10,6288,44314.0
2018-12-11,6288,52053.0
2018-12-12,6288,55826.0
2018-12-13,6288,47940.0
2018-12-14,6288,45708.0
2018-12-15,6288,42981.0
2018-12-16,6288,42853.0
2018-12-17,6288,45932.0
2018-12-18,6288,49150.0
2018-12-19,6288,48612.0
2018-12-20,6288,47523.0
2018-12-21,6288,46433.0
2018-12-22,6288,47235.0
2018-12-23,6288,51406.0
2018-12-24,6288,49144.0
2018-12-25,6288,43132.0
2018-12-26,6288,42235.0
2018-12-27,6288,44636.0
2018-12-28,6288,48899.0
2018-12-29,6288,48836.0
2018-12-30,6288,48138.0
2018-12-31,6288,48550.0
2019-01-01,6288,46163.0
2019-01-02,6288,47702.0
2019-01-03,6288,48768.0
2019-01-04,6288,49177.0
2019-01-05,6288,41180.0
2019-01-06,6288,41884.0
2019-01-07,6288,45007.0
2019-01-08,6288,44999.0
2019-01-09,6288,44394.0
2019-01-10,6288,48732.0
2019-01-11,6288,51624.0
2019-01-12,6288,43208.0
2019-01-13,6288,42642.0
2019-01-14,6288,42942.0
2019-01-15,6288,46405.0
2019-01-16,6288,53549.0
2019-01-17,6288,55458.0
2019-01-18,6288,47002.0
2019-01-19,6288,42642.0
2019-01-20,6288,40193.0
2019-01-21,6288,53703.0
2019-01-22,6288,51519.0
2019-01-23,6288,44668.0
2019-01-24,6288,44523.0
2019-01-25,6288,46312.0
2019-01-26,6288,50541.0
2019-01-27,6288,53088.0
2019-01-28,6288,57509.0
2019-01-29,6288,56718.0
2019-01-30,6288,50226.0
2019-01-31,6288,57689.0
2019-02-01,6288,47988.0
2019-02-02,6288,42744.0
2019-02-03,6288,41696.0
2019-02-04,6288,43390.0
2019-02-05,6288,44644.0
2019-02-06,6288,45595.0
2019-02-07,6288,47034.0
2019-02-08,6288,46546.0
2019-02-09,6288,43607.0
2019-02-10,6288,44142.0
2019-02-11,6288,48955.0
2019-02-12,6288,52213.0
2019-02-13,6288,46057.0
2019-02-14,6288,49218.0
2019-02-15,6288,44997.0
2019-02-16,6288,43985.0
2019-02-17,6288,46230.0
2019-02-18,6288,52746.0
2019-02-19,6288,54268.0
2019-02-20,6288,55664.0
2019-02-21,6288,54394.0
2019-02-22,6288,56163.0
2019-02-23,6288,55053.0
2019-02-24,6288,54455.0
2019-02-25,6288,48320.0
2019-02-26,6288,45164.0
2019-02-27,6288,46684.0
2019-02-28,6288,48195.0
2019-03-01,6288,49502.0
2019-03-02,6288,49045.0
2019-03-03,6288,48185.0
2019-03-04,6288,51943.0
2019-03-05,6288,44531.0
2019-03-06,6288,50235.0
2019-03-07,6288,51352.0
2019-03-08,6288,45583.0
2019-03-09,6288,45749.0
2019-03-10,6288,49733.0
2019-03-11,6288,51896.0
2019-03-12,6288,49213.0
2019-03-13,6288,47624.0
2019-03-14,6288,50891.0
2019-03-15,6288,54248.0
2019-03-16,6288,52021.0
2019-03-17,6288,44587.0
2019-03-18,6288,43320.0
2019-03-19,6288,43547.0
2019-03-20,6288,43827.0
2019-03-21,6288,43777.0
2019-03-22,6288,43899.0
2019-03-23,6288,43521.0
2019-03-24,6288,43470.0
2019-03-25,6288,49195.0
2019-03-26,6288,51423.0
2019-03-27,6288,46275.0
2019-03-28,6288,44725.0
2019-03-29,6288,46163.0
2019-03-30,6288,46978.0
2019-03-31,6288,49222.0
2019-04-01,6288,47759.0
2019-04-02,6288,46344.0
2019-04-03,6288,46093.0
2019-04-04,6288,49390.0
2019-04-05,6288,53741.0
2019-04-06,6288,54446.0
2019-04-07,6288,54619.0
2019-04-08,6288,57808.0
2019-04-09,6288,56281.0
2019-04-10,6288,52517.0
2019-04-11,6288,54472.0
2019-04-12,6288,58410.0
2019-04-13,6288,58541.0
2019-04-14,6288,59801.0
2019-04-15,6288,53304.0
2019-04-16,6288,48080.0
2019-04-17,6288,51897.0
2019-04-18,6288,57467.0
2019-04-19,6288,57567.0
2019-04-20,6288,42686.0
2019-04-21,6288,42240.0
2019-04-22,6288,45890.0
2019-04-23,6288,49916.0
2019-04-24,6288,53836.0
2019-04-25,6288,54874.0
2019-04-26,6288,54548.0
2019-04-27,6288,50360.0
2019-04-28,6288,53130.0
2019-04-29,6288,58397.0
2019-04-30,6288,61362.0
2019-05-01,6288,62036.0
2019-05-02,6288,60649.0
2019-05-03,6288,58710.0
2019-05-04,6288,59332.0
2019-05-05,6288,57995.0
2019-05-06,6288,59182.0
2019-05-07,6288,62212.0
2019-05-08,6288,64694.0
2019-05-09,6288,61531.0
2019-05-10,6288,61765.0
2019-05-11,6288,61880.0
2019-05-12,6288,63583.0
2019-05-13,6288,62445.0
2019-05-14,6288,55788.0
2019-05-15,6288,58461.0
2019-05-16,6288,61352.0
2019-05-17,6288,61636.0
2019-05-18,6288,59130.0
2019-05-19,6288,60111.0
2019-05-20,6288,65723.0
2019-05-21,6288,68282.0
2019-05-22,6288,70466.0
2019-05-23,6288,65914.0
2019-05-24,6288,64191.0
2019-05-25,6288,64192.0
2019-05-26,6288,64440.0
2019-05-27,6288,67515.0
2019-05-28,6288,72390.0
2019-05-29,6288,71894.0
2019-05-30,6288,72209.0
2019-05-31,6288,73754.0
2019-06-01,6288,71316.0
2019-06-02,6288,69018.0
2019-06-03,6288,72404.0
2019-06-04,6288,73821.0
2019-06-05,6288,69819.0
2019-06-06,6288,67372.0
2019-06-07,6288,68095.0
2019-06-08,6288,65600.0
2019-06-09,6288,61417.0
2019-06-10,6288,57863.0
2019-06-11,6288,63499.0
2019-06-12,6288,65724.0
2019-06-13,6288,64735.0
2019-06-14,6288,58870.0
2019-06-15,6288,60141.0
2019-06-16,6288,58748.0
2019-06-17,6288,58869.0
2019-06-18,6288,63266.0
2019-06-19,6288,65302.0
2019-06-20,6288,68097.0
2019-06-21,6288,73978.0
2019-06-22,6288,70571.0
2019-06-23,6288,70628.0
2019-06-24,6288,73258.0
2019-06-25,6288,76443.0
2019-06-26,6288,77635.0
2019-06-27,6288,73879.0
2019-06-28,6288,72148.0
2019-06-29,6288,60779.0
2019-06-30,6288,60980.0
2019-07-01,6288,71606.0
2019-07-02,6288,74553.0
2019-07-03,6288,73614.0
2019-07-04,6288,67707.0
2019-07-05,6288,65314.0
2019-07-06,6288,63551.0
2019-07-07,6288,57612.0
2019-07-08,6288,59954.0
2019-07-09,6288,61726.0
2019-07-10,6288,61817.0
2019-07-11,6288,64039.0
2019-07-12,6288,61350.0
2019-07-13,6288,59636.0
2019-07-14,6288,68546.0
2019-07-15,6288,72881.0
2019-07-16,6288,71106.0
2019-07-17,6288,68736.0
2019-07-18,6288,66420.0
2019-07-19,6288,66498.0
2019-07-20,6288,63895.0
2019-07-21,6288,59703.0
2019-07-22,6288,61584.0
2019-07-23,6288,62062.0
2019-07-24,6288,58785.0
2019-07-25,6288,56383.0
2019-07-26,6288,58294.0
2019-07-27,6288,58944.0
2019-07-28,6288,65490.0
2019-07-29,6288,67622.0
2019-07-30,6288,70845.0
2019-07-31,6288,72969.0
2019-08-01,6288,62667.0
2019-08-02,6288,60279.0
2019-08-03,6288,61126.0
2019-08-04,6288,67357.0
2019-08-05,6288,69532.0
2019-08-06,6288,69677.0
2019-08-07,6288,65237.0
2019-08-08,6288,65961.0
2019-08-09,6288,72580.0
2019-08-10,6288,69774.0
2019-08-11,6288,69405.0
2019-08-12,6288,71838.0
2019-08-13,6288,67164.0
2019-08-14,6288,68508.0
2019-08-15,6288,63786.0
2019-08-16,6288,58261.0
2019-08-17,6288,55172.0
2019-08-18,6288,59177.0
2019-08-19,6288,65505.0
2019-08-20,6288,66734.0
2019-08-21,6288,69081.0
2019-08-22,6288,72273.0
2019-08-23,6288,72086.0
2019-08-24,6288,70409.0
2019-08-25,6288,72492.0
2019-08-26,6288,75070.0
2019-08-27,6288,66056.0
2019-08-28,6288,69596.0
2019-08-29,6288,72802.0
2019-08-30,6288,72543.0
2019-08-31,6288,65104.0
2019-09-01,6288,63498.0
2019-09-02,6288,61000.0
2019-09-03,6288,64973.0
2019-09-04,6288,66945.0
2019-09-05,6288,75577.0
2019-09-06,6288,76679.0
2019-09-07,6288,67941.0
2019-09-08,6288,67589.0
2019-09-09,6288,72642.0
2019-09-10,6288,72789.0
2019-09-11,6288,71857.0
2019-09-12,6288,70703.0
2019-09-13,6288,69387.0
2019-09-14,6288,65248.0
2019-09-15,6288,64473.0
2019-09-16,6288,67752.0
2019-09-17,6288,71099.0
2019-09-18,6288,68423.0
2019-09-19,6288,63546.0
2019-09-20,6288,59996.0
2019-09-21,6288,58118.0
2019-09-22,6288,58767.0
2019-09-23,6288,59000.0
2019-09-24,6288,61628.0
2019-09-25,6288,63299.0
2019-09-26,6288,64172.0
2019-09-27,6288,65131.0
2019-09-28,6288,64704.0
2019-09-29,6288,64464.0
2019-09-30,6288,66459.0
2019-10-01,6288,65564.0
2019-10-02,6288,63627.0
2019-10-03,6288,63181.0
2019-10-04,6288,63611.0
2019-10-05,6288,64263.0
2019-10-06,6288,58714.0
2019-10-07,6288,60467.0
2019-10-08,6288,60757.0
2019-10-09,6288,57805.0
2019-10-10,6288,59719.0
2019-10-11,6288,60600.0
2019-10-12,6288,56735.0
2019-10-13,6288,55940.0
2019-10-14,6288,61167.0
2019-10-15,6288,62197.0
2019-10-16,6288,63968.0
2019-10-17,6288,61237.0
2019-10-18,6288,52511.0
2019-10-19,6288,54282.0
2019-10-20,6288,58999.0
2019-10-21,6288,58220.0
2019-10-22,6288,63442.0
2019-10-23,6288,57547.0
2019-10-24,6288,58774.0
2019-10-25,6288,63075.0
2019-10-26,6288,60500.0
2019-10-27,6288,61092.0
2019-10-28,6288,64726.0
2019-10-29,6288,66707.0
2019-10-30,6288,64248.0
2019-10-31,6288,66310.0
2019-11-01,6288,59966.0
2019-11-02,6288,53170.0
2019-11-03,6288,48298.0
2019-11-04,6288,52358.0
2019-11-05,6288,58297.0
2019-11-06,6288,56698.0
2019-11-07,6288,58487.0
2019-11-08,6288,56053.0
2019-11-09,6288,46604.0
2019-11-10,6288,42552.0
2019-11-11,6288,47467.0
2019-11-12,6288,51651.0
2019-11-13,6288,45491.0
2019-11-14,6288,44598.0
2019-11-15,6288,46580.0
2019-11-16,6288,41737.0
2019-11-17,6288,43806.0
2019-11-18,6288,45789.0
2019-11-19,6288,43722.0
2019-11-20,6288,45131.0
2019-11-21,6288,44872.0
2019-11-22,6288,44772.0
2019-11-23,6288,43641.0
2019-11-24,6288,43141.0
2019-11-25,6288,44119.0
2019-11-26,6288,45606.0
2019-11-27,6288,45912.0
2019-11-28,6288,45695.0
2019-11-29,6288,40944.0
2019-11-30,6288,43265.0
2019-12-01,6288,45401.0
2019-12-02,6288,46904.0
2019-12-03,6288,50604.0
2019-12-04,6288,50610.0
2019-12-05,6288,50161.0
2019-12-06,6288,50206.0
2019-12-07,6288,46035.0
2019-12-08,6288,44163.0
2019-12-09,6288,46892.0
2019-12-10,6288,48594.0
2019-12-11,6288,50481.0
2019-12-12,6288,47196.0
2019-12-13,6288,47475.0
2019-12-14,6288,45730.0
2019-12-15,6288,42712.0
2019-12-16,6288,47144.0
2019-12-17,6288,51203.0
2019-12-18,6288,45977.0
2019-12-19,6288,50918.0
2019-12-20,6288,46797.0
2019-12-21,6288,43089.0
2019-12-22,6288,42936.0
2019-12-23,6288,44252.0
2019-12-24,6288,43731.0
2019-12-25,6288,42876.0
2019-12-26,6288,43905.0
2019-12-27,6288,45841.0
2019-12-28,6288,46087.0
2019-12-29,6288,48421.0
2019-12-30,6288,49408.0
2019-12-31,6288,44659.0
2020-01-01,1310,9422.0
