Wind Speed,Pressure,is_weekend,day_of_week,Month,month,Relative Humidity,season,DHI,Surface Albedo,Dew Point,Temperature
2.3708333333333336,1015.9577546296296,1,6,1,1,82.57083622685187,0,39.242476851851855,0.102763888888889,15.336805555555555,19.25028935185185
2.245833333333333,1014.6412037037036,0,0,1,1,88.51462094907406,0,43.31336805555557,0.102763888888889,18.695601851851844,21.257812500000004
2.84375,1010.0,0,1,1,1,92.7676707175926,0,61.31655092592592,0.102763888888889,20.064525462962955,21.7025462962963
2.572916666666666,1009.4704861111112,0,2,1,1,86.4173263888889,0,39.81655092592592,0.102763888888889,16.66869212962963,19.6958912037037
1.6937500000000014,1009.968171296296,0,3,1,1,84.13171875000002,0,46.27835648148149,0.102763888888889,14.235821759259254,17.81076388888889
2.0375,1010.0,0,4,1,1,81.97701099537036,0,31.772569444444443,0.102763888888889,15.14351851851852,19.38628472222222
6.302083333333336,1014.4618055555557,1,5,1,1,87.05272858796296,0,39.255497685185176,0.102763888888889,11.47771990740741,14.177951388888884
5.449999999999998,1029.1261574074072,1,6,1,1,68.1624710648148,0,26.51591435185186,0.1021822916666667,0.0309606481481481,6.287905092592591
4.110416666666666,1029.3749999999998,0,0,1,1,71.6594675925926,0,28.64178240740741,0.0999722222222221,4.3272569444444455,10.331018518518524
2.8916666666666675,1022.589699074074,0,1,1,1,80.7012008101852,0,45.82175925925926,0.0999722222222221,9.740162037037036,14.065393518518515
2.85,1020.0,0,2,1,1,80.80093460648148,0,41.50462962962963,0.0999722222222221,12.36863425925926,16.734085648148138
2.3875,1020.0,0,3,1,1,80.31917245370369,0,27.73003472222223,0.0999722222222221,13.72916666666667,18.20023148148149
2.875,1020.5671296296296,0,4,1,1,86.3775636574074,0,58.89062500000001,0.0999722222222221,16.059027777777782,19.094618055555543
2.75,1020.0,1,5,1,1,81.29759837962963,0,51.195601851851855,0.0999722222222221,15.089699074074076,19.23987268518518
2.1250000000000004,1019.8900462962962,1,6,1,1,76.73126446759262,0,68.60069444444444,0.0999722222222221,13.719328703703708,19.06568287037037
2.9187500000000006,1019.9537037037036,0,0,1,1,75.91074074074074,0,70.88049768518519,0.1001718749999999,14.638888888888893,19.91695601851852
2.0937500000000004,1019.800347222222,0,1,1,1,81.42430844907406,0,62.578703703703695,0.1009305555555555,15.377604166666666,19.608506944444446
1.308333333333333,1015.847800925926,0,2,1,1,83.87225694444444,0,43.97280092592592,0.1009305555555555,15.999421296296292,19.54716435185185
1.2875,1010.0,0,3,1,1,83.89999999999999,0,41.98755787037037,0.1009305555555555,16.039062500000004,19.652777777777786
2.5041666666666678,1010.0,0,4,1,1,86.76280381944444,0,56.104456018518505,0.1009305555555555,17.357060185185183,20.280381944444443
3.6854166666666655,1007.3234953703704,1,5,1,1,84.43396701388887,0,36.758101851851855,0.1009305555555555,17.31915509259259,20.869502314814813
6.895833333333335,998.888888888889,1,6,1,1,90.72476851851852,0,66.75491898148148,0.1009305555555555,20.081018518518515,22.230613425925924
7.704166666666667,998.515625,0,0,1,1,70.92868923611111,0,68.61168981481482,0.1009305555555555,12.931712962962967,18.89554398148148
3.916666666666668,1007.5839120370368,0,1,1,1,75.02460069444446,0,28.63252314814815,0.1015034722222223,11.92418981481481,17.304976851851848
2.5854166666666667,1010.0,0,2,1,1,87.35087962962966,0,31.564814814814813,0.1036805555555556,15.258969907407414,18.09143518518519
3.372916666666665,1010.0,0,3,1,1,90.47283564814812,0,67.79108796296296,0.1036805555555556,18.07320601851853,20.151041666666668
3.779166666666665,1010.8391203703704,0,4,1,1,62.08331307870369,0,68.57783564814814,0.1036805555555556,7.641493055555556,15.945023148148143
3.7375,1014.765625,1,5,1,1,60.61957175925928,0,59.02951388888891,0.1036805555555556,4.203414351851852,12.456886574074076
2.714583333333333,1013.7644675925924,1,6,1,1,80.96658564814817,0,51.11747685185185,0.1036805555555556,9.056712962962964,12.956886574074074
3.9291666666666663,1017.4826388888888,0,0,1,1,57.10886284722222,0,28.321759259259256,0.1036805555555556,4.243055555555553,13.610532407407408
1.3083333333333338,1019.9479166666664,0,1,1,1,70.26061342592592,0,30.53240740740741,0.1036805555555556,8.196469907407408,14.50752314814815
1.4125000000000008,1019.2274305555552,0,2,2,2,74.9401591435185,0,32.41550925925926,0.1036284722222222,9.978587962962964,15.824074074074078
1.8874999999999995,1019.2071759259258,0,3,2,2,78.61359375000004,0,41.88165509259259,0.1034305555555556,11.774594907407408,16.59114583333334
1.9270833333333324,1019.085648148148,0,4,2,2,79.9561284722222,0,38.48697916666667,0.1034305555555556,12.792824074074074,17.42332175925925
2.679166666666668,1019.2592592592592,1,5,2,2,82.8305642361111,0,47.42129629629631,0.1034305555555556,13.824363425925926,17.54832175925926
2.4208333333333343,1018.3854166666664,1,6,2,2,80.4669212962963,0,48.45630787037037,0.1034305555555556,11.54195601851852,16.166666666666668
1.9833333333333345,1015.7552083333331,0,0,2,2,72.84021412037039,0,40.06886574074074,0.1034305555555556,11.62586805555556,18.169560185185187
3.522916666666667,1010.0,0,1,2,2,86.46252314814814,0,48.63831018518519,0.1034305555555556,17.19415509259259,20.25057870370371
3.533333333333333,1010.0,0,2,2,2,91.06521412037038,0,58.72280092592592,0.1034305555555556,18.79369212962964,20.831597222222214
4.662500000000002,1012.5491898148148,0,3,2,2,74.47509259259256,0,45.91724537037037,0.1034768518518518,14.643807870370368,20.362847222222225
4.091666666666669,1020.0,0,4,2,2,55.689713541666656,0,31.472800925925927,0.1036527777777776,5.423321759259259,15.547743055555552
1.802083333333333,1020.0,1,5,2,2,78.84143518518518,0,33.82407407407407,0.1036527777777776,12.17071759259259,17.274594907407412
1.8312499999999992,1017.9832175925926,1,6,2,2,81.05279803240741,0,37.85011574074074,0.1036527777777776,13.96267361111112,18.271990740740744
2.2520833333333337,1010.234375,0,0,2,2,87.8439670138889,0,69.89612268518518,0.1036527777777776,17.279224537037035,19.933449074074076
2.0458333333333347,1010.0,0,1,2,2,85.56118055555557,0,64.97511574074072,0.1036527777777776,16.33275462962963,19.65364583333333
5.716666666666666,1007.0659722222222,0,2,2,2,87.54979745370372,0,83.93460648148148,0.1036527777777776,17.32378472222222,20.04513888888889
4.135416666666666,1010.0,0,3,2,2,64.48003472222223,0,35.142650462962955,0.1036527777777776,8.36689814814815,16.04224537037037
1.4750000000000003,1011.1082175925926,0,4,2,2,60.09202256944442,0,37.88628472222222,0.1041388888888888,6.208912037037038,15.42476851851852
2.583333333333333,1010.0,1,5,2,2,81.17190104166667,0,64.3136574074074,0.1059861111111111,14.013888888888893,17.994502314814813
2.077083333333333,1010.0,1,6,2,2,81.68144386574073,0,45.52835648148149,0.1059861111111111,16.06423611111111,20.21614583333334
1.4458333333333335,1010.8825231481482,0,0,2,2,77.59241608796297,0,37.52980324074075,0.1059861111111111,14.593460648148143,19.772280092592588
2.5937499999999987,1009.9942129629628,0,1,2,2,79.40399016203703,0,100.84953703703702,0.1059861111111111,15.794560185185183,20.36805555555556
3.370833333333335,1000.703125,0,2,2,2,93.48503761574077,0,54.03356481481482,0.1059861111111111,17.083622685185198,18.670428240740744
3.2770833333333336,1000.0,0,3,2,2,84.88838541666668,0,67.49797453703704,0.1059861111111111,16.51822916666666,19.837673611111104
2.379166666666668,1002.3958333333331,0,4,2,2,82.93968460648149,0,45.36168981481481,0.1059861111111111,17.054687499999996,20.966435185185187
2.445833333333333,1009.3778935185184,1,5,2,2,86.23370659722222,0,51.09143518518519,0.1063738425925926,17.226562500000004,20.258101851851844
3.939583333333335,1014.8697916666664,1,6,2,2,57.7803414351852,0,34.63078703703704,0.1078472222222223,8.095196759259261,18.752314814814813
3.2250000000000028,1019.5138888888888,0,0,2,2,77.09808738425924,0,55.85532407407408,0.1078472222222223,15.697337962962964,20.9921875
1.9083333333333337,1019.1840277777776,0,1,2,2,80.61823495370368,0,68.85590277777779,0.1078472222222223,18.42303240740741,22.915509259259263
2.229166666666668,1013.9033564814814,0,2,3,3,79.86905671296297,1,41.86776620370371,0.1078472222222223,17.702256944444454,22.563368055555557
3.329166666666666,1012.152777777778,0,3,3,3,81.239068287037,1,55.77112268518519,0.1078472222222223,17.290509259259256,21.3509837962963
5.497916666666669,1020.1938657407404,0,4,3,3,55.26474537037038,1,42.52112268518518,0.1078472222222223,7.26417824074074,17.611689814814813
4.76875,1022.1556712962962,1,5,3,3,57.05330729166666,1,43.60300925925926,0.1078472222222223,7.1953125,17.00752314814814
5.452083333333332,1020.0,1,6,3,3,68.12121527777778,1,82.9513888888889,0.1079542824074074,11.08449074074074,18.294560185185187
4.512499999999998,1020.0,0,0,3,3,67.08401909722221,1,82.93634259259257,0.108361111111111,11.2662037037037,18.807291666666668
2.622916666666667,1020.0,0,1,3,3,70.68301504629629,1,80.11342592592591,0.108361111111111,13.602141203703704,20.309606481481485
2.0333333333333345,1020.0,0,2,3,3,77.15075231481484,1,64.42910879629629,0.108361111111111,15.677372685185183,20.934606481481477
1.9791666666666663,1018.7644675925928,0,3,3,3,76.00751157407409,1,60.96412037037037,0.108361111111111,15.545428240740742,21.16637731481481
2.7458333333333336,1012.740162037037,0,4,3,3,80.62999421296296,1,51.188946759259245,0.108361111111111,16.01273148148148,20.451678240740737
2.518749999999999,1011.7650462962962,1,5,3,3,66.65676215277777,1,41.67968750000001,0.108361111111111,12.782986111111114,21.09866898148148
2.347916666666667,1010.0,1,6,3,3,78.60133101851851,1,109.78587962962963,0.108361111111111,15.658564814814818,20.404803240740737
3.5395833333333324,1008.9438657407408,0,0,3,3,87.7025144675926,1,88.83362268518516,0.1082685185185183,16.783275462962962,19.608217592592595
5.962500000000001,1009.2534722222222,0,1,3,3,74.67221643518518,1,82.24565972222224,0.1079166666666665,11.004050925925918,16.37239583333333
4.645833333333333,1018.0671296296296,0,2,3,3,61.77830150462963,1,47.59548611111111,0.1079166666666665,3.78935185185185,11.820891203703702
3.685416666666667,1020.0,0,3,3,3,47.20735821759258,1,39.08535879629631,0.1079166666666665,-0.6403356481481479,10.97511574074074
2.4250000000000003,1020.0,0,4,3,3,51.23528645833335,1,46.83043981481481,0.1079166666666665,3.094618055555556,14.67824074074074
2.0125000000000006,1019.9768518518516,1,5,3,3,69.07567997685184,1,47.67390046296296,0.1079166666666665,10.015335648148149,17.060185185185194
4.202083333333332,1017.4421296296292,1,6,3,3,68.95900173611112,1,41.87008101851851,0.1079166666666665,10.894965277777771,18.402777777777786
2.5187500000000003,1018.828125,0,0,3,3,63.31724537037036,1,46.929976851851855,0.1079166666666665,7.857638888888887,16.737268518518512
1.8041666666666665,1015.3125,0,1,3,3,67.35333622685187,1,52.794849537037045,0.1083969907407407,11.170717592592592,18.680844907407405
2.558333333333332,1011.316550925926,0,2,3,3,83.1033449074074,1,57.8984375,0.1102222222222222,16.246527777777775,20.127314814814817
4.249999999999999,1018.8917824074072,0,3,3,3,78.01541087962961,1,93.00086805555556,0.1102222222222222,16.19560185185186,21.1183449074074
4.239583333333336,1019.9826388888888,0,4,3,3,70.58616898148149,1,81.89872685185186,0.1102222222222222,13.910300925925922,20.64554398148148
2.2729166666666663,1016.3020833333336,1,5,3,3,68.79411747685187,1,90.7271412037037,0.1102222222222222,14.19444444444445,21.58304398148149
2.1541666666666663,1011.1400462962962,1,6,3,3,71.27500578703702,1,79.93778935185183,0.1102222222222222,15.689236111111116,22.416666666666668
1.7041666666666655,1010.3674768518518,0,0,3,3,69.41509837962961,1,70.72337962962963,0.1102222222222222,15.253761574074067,22.559027777777786
1.7895833333333335,1010.0,0,1,3,3,72.52923611111112,1,57.77314814814815,0.1102222222222222,15.747395833333334,22.298611111111114
1.9916666666666671,1010.0,0,2,3,3,71.38796296296296,1,75.7248263888889,0.1108067129629629,16.234085648148156,23.07407407407408
2.314583333333333,1009.9855324074072,0,3,3,3,71.66030960648148,1,64.02777777777777,0.1130277777777778,16.728587962962965,23.39178240740741
4.2250000000000005,1009.921875,0,4,3,3,82.85269965277779,1,103.41261574074072,0.1130277777777778,19.13686342592592,23.05671296296296
1.991666666666667,1010.0,1,5,4,4,72.13639178240742,1,62.46903935185184,0.1130277777777778,16.41493055555556,23.041666666666668
1.6458333333333328,1010.0,1,6,4,4,73.50086805555556,1,106.0642361111111,0.1130277777777778,17.721354166666664,23.78645833333333
3.8875,1010.0,0,0,4,4,77.91051793981481,1,80.72280092592594,0.1130277777777778,20.087094907407412,25.275462962962965
3.5687500000000028,1010.0,0,1,4,4,82.36108217592594,1,120.4487847222222,0.1130277777777778,20.94010416666667,25.06597222222221
3.725,1010.0,0,2,4,4,84.61512442129627,1,80.72280092592594,0.1130277777777778,21.29832175925926,24.88396990740741
5.6604166666666655,1010.0,0,3,4,4,70.27945023148148,1,58.526331018518505,0.1131724537037037,14.547453703703694,21.299189814814817
4.900000000000001,1011.1921296296296,0,4,4,4,49.769024884259245,1,46.871817129629626,0.1137222222222221,6.543981481481477,18.085069444444446
3.1208333333333336,1010.8217592592592,1,5,4,4,44.25973668981481,1,47.69357638888888,0.1137222222222221,4.078993055555557,17.893518518518515
2.733333333333333,1012.8616898148148,1,6,4,4,51.221186342592574,1,49.989004629629626,0.1137222222222221,7.666666666666664,19.90277777777777
3.2166666666666663,1017.8385416666666,0,0,4,4,66.56079861111111,1,78.96122685185186,0.1137222222222221,13.77141203703704,21.681423611111114
2.55625,1017.624421296296,0,1,4,4,64.5096064814815,1,56.854456018518526,0.1137222222222221,13.59259259259259,22.25
2.3833333333333337,1016.704282407407,0,2,4,4,63.02540509259261,1,67.38136574074076,0.1137222222222221,14.039930555555555,22.831307870370367
3.143750000000002,1015.6655092592592,0,3,4,4,66.28144386574074,1,92.00983796296298,0.1137222222222221,15.210648148148152,23.09490740740741
3.8791666666666655,1017.100694444444,0,4,4,4,63.19627314814816,1,90.92158564814812,0.1139045138888887,14.231192129629632,22.956597222222214
4.4625,1019.2447916666664,1,5,4,4,67.07431712962965,1,129.73408564814815,0.1145972222222221,15.510416666666671,23.27054398148148
2.818749999999999,1016.9936342592596,1,6,4,4,62.01912905092595,1,83.84461805555554,0.1145972222222221,14.36342592592593,23.61689814814815
2.302083333333334,1012.9282407407408,0,0,4,4,63.84776909722222,1,105.55410879629632,0.1145972222222221,15.335648148148149,24.04398148148148
2.233333333333333,1012.0891203703704,0,1,4,4,66.1100462962963,1,118.61805555555551,0.1145972222222221,16.675347222222225,24.63628472222223
3.7104166666666663,1015.6712962962964,0,2,4,4,63.11548611111109,1,70.53067129629632,0.1145972222222221,15.919849537037036,24.789062500000004
2.6895833333333328,1013.582175925926,0,3,4,4,62.48653356481481,1,86.5396412037037,0.1145972222222221,15.283854166666671,24.50202546296296
2.2958333333333334,1009.9855324074072,0,4,4,4,61.0555613425926,1,54.99623842592593,0.1145972222222221,14.377314814814817,24.151909722222225
1.6958333333333335,1009.84375,1,5,4,4,70.51426215277776,1,127.89207175925928,0.1138101851851851,17.69936342592593,24.360243055555557
1.4624999999999992,1004.5052083333334,1,6,4,4,71.5847366898148,1,92.39409722222224,0.1108194444444444,18.6640625,25.244791666666668
4.779166666666668,1000.0,0,0,4,4,74.97887442129628,1,117.3689236111111,0.1108194444444444,16.629918981481485,22.14554398148147
3.4291666666666654,1005.1822916666666,0,1,4,4,62.41828414351852,1,77.5714699074074,0.1108194444444444,12.98871527777778,21.423611111111104
2.36875,1007.8674768518516,0,2,4,4,62.22967013888886,1,73.68663194444444,0.1108194444444444,14.864872685185189,23.62586805555556
2.85,1009.8900462962962,0,3,4,4,74.41883101851853,1,66.36111111111111,0.1108194444444444,19.54166666666666,25.77835648148148
2.29375,1010.0,0,4,4,4,70.49256944444444,1,102.18373842592592,0.1108194444444444,20.10532407407407,27.35706018518518
3.922916666666667,1010.0144675925926,1,5,4,4,64.98144965277777,1,88.39641203703702,0.1108194444444444,19.00434027777777,27.76678240740741
4.114583333333333,1010.0,1,6,4,4,73.1041087962963,1,109.25810185185183,0.1108917824074074,20.42563657407408,26.581018518518523
4.233333333333334,1010.0,0,0,5,5,77.91773726851855,1,119.79224537037032,0.1111666666666666,21.18576388888888,26.234375
2.1208333333333327,1010.0,0,1,5,5,75.29776331018516,1,113.39091435185188,0.1111666666666666,20.4994212962963,26.335358796296305
2.8166666666666664,1010.0,0,2,5,5,70.04116030092592,1,87.9085648148148,0.1111666666666666,18.93315972222222,26.00954861111111
4.6291666666666655,1006.2528935185186,0,3,5,5,78.39796296296295,1,116.91724537037037,0.1111666666666666,20.1730324074074,25.26215277777777
6.097916666666666,1001.1255787037036,0,4,5,5,68.36293692129628,1,95.89207175925924,0.1111666666666666,15.03096064814814,22.17679398148148
5.391666666666667,1009.565972222222,1,5,5,5,53.16533564814816,1,61.05150462962965,0.1111666666666666,9.62760416666667,20.496238425925927
3.0562500000000004,1010.0,1,6,5,5,59.95460937499999,1,59.49045138888889,0.1111666666666666,12.898726851851848,22.27575231481482
2.958333333333333,1010.0,0,0,5,5,61.84014178240739,1,67.32320601851852,0.1121967592592593,14.342592592592588,23.85619212962963
2.177083333333334,1010.0,0,1,5,5,59.98594907407408,1,63.74392361111112,0.1161111111111111,14.791377314814817,24.956307870370367
2.18125,1010.0,0,2,5,5,59.21531539351852,1,68.89670138888889,0.1161111111111111,15.82523148148148,26.18315972222223
2.3875,1010.0,0,3,5,5,60.9342013888889,1,64.9855324074074,0.1161111111111111,16.17650462962963,26.028645833333343
2.4562500000000007,1009.9479166666662,0,4,5,5,71.69889467592593,1,94.6892361111111,0.1161111111111111,18.10358796296296,24.68663194444444
4.691666666666666,1004.2592592592592,1,5,5,5,82.86887152777778,1,120.54021990740743,0.1161111111111111,21.12152777777777,25.12876157407408
2.633333333333334,1007.491319444444,1,6,5,5,71.4832609953704,1,82.92071759259257,0.1161111111111111,18.81105324074074,25.456307870370367
2.4291666666666667,1009.9392361111107,0,0,5,5,67.21168981481482,1,72.61284722222224,0.1161111111111111,18.84375,26.811631944444454
3.047916666666666,1010.0,0,1,5,5,67.11850115740738,1,78.0318287037037,0.1162847222222221,19.44907407407407,27.76331018518518
3.924999999999999,1010.0,0,2,5,5,70.00759259259259,1,82.94589120370371,0.1169444444444443,20.428240740740737,28.08940972222223
4.479166666666667,1010.0,0,3,5,5,68.14047743055555,1,80.14149305555556,0.1169444444444443,20.1160300925926,28.01533564814814
3.256249999999999,1010.0,0,4,5,5,77.28407118055554,1,126.12528935185186,0.1169444444444443,22.323784722222225,27.639178240740744
2.3145833333333337,1010.0,1,5,5,5,73.66168113425928,1,91.50260416666669,0.1169444444444443,21.459201388888896,27.884548611111114
1.4437500000000003,1010.5960648148148,1,6,5,5,75.66056712962961,1,138.88917824074076,0.1169444444444443,21.128472222222214,26.94646990740741
1.954166666666666,1010.0,0,0,5,5,77.55895254629631,1,73.79398148148148,0.1169444444444443,21.565104166666668,26.617766203703702
4.143749999999999,1009.2042824074074,0,1,5,5,81.90269097222223,1,155.90306712962965,0.1169444444444443,22.253761574074076,26.32899305555556
6.05833333333333,1000.2141203703704,0,2,5,5,89.2495283564815,1,128.80873842592592,0.1172829861111111,23.31655092592593,25.81394675925925
4.302083333333333,1007.2829861111107,0,3,5,5,70.10752025462963,1,96.92737268518516,0.1185694444444444,17.703414351851848,24.583043981481467
2.383333333333334,1010.0,0,4,5,5,57.949794560185175,1,50.12037037037036,0.1185694444444444,14.181423611111116,24.35300925925928
2.077083333333334,1010.0,1,5,5,5,59.91550925925928,1,51.66724537037037,0.1185694444444444,15.207175925925918,25.26851851851853
2.9312499999999986,1010.0,1,6,5,5,78.28209490740741,1,67.64699074074075,0.1185694444444444,20.745370370370363,25.92303240740741
2.10625,1010.0,0,0,5,5,69.6252951388889,1,97.4291087962963,0.1185694444444444,20.327546296296287,27.754050925925934
1.9312499999999997,1010.5613425925924,0,1,5,5,67.61836805555556,1,120.48263888888889,0.1185694444444444,20.268518518518523,28.138599537037035
1.1604166666666658,1010.0,0,2,5,5,65.94615162037034,1,123.81047453703704,0.1185694444444444,20.509548611111104,28.433738425925924
1.8875,1010.0,0,3,6,6,80.18303819444445,2,133.5462962962963,0.1185405092592591,22.60706018518518,27.115740740740737
1.55,1010.0,0,4,6,6,83.64713541666666,2,133.33535879629628,0.1184305555555554,22.14612268518518,25.961226851851844
1.2291666666666667,1010.0,1,5,6,6,79.90259837962962,2,154.61082175925927,0.1184305555555554,21.52459490740741,26.14351851851851
1.1875,1010.0,1,6,6,6,86.07897280092591,2,126.70052083333336,0.1184305555555554,22.152488425925924,25.27054398148148
2.260416666666667,1009.947916666666,0,0,6,6,87.83003761574072,2,121.73379629629628,0.1184305555555554,22.18200231481482,25.03559027777777
3.675,1001.0648148148148,0,1,6,6,97.23001157407408,2,92.8515625,0.1184305555555554,24.562789351851848,25.492766203703702
4.610416666666666,1000.0,0,2,6,6,97.85049189814816,2,102.82291666666664,0.1184305555555554,24.808738425925927,25.47829861111111
3.243750000000001,1000.5931712962962,0,3,6,6,86.9331886574074,2,112.35011574074076,0.1184305555555554,22.732928240740744,25.7511574074074
2.0604166666666663,1009.7309027777778,0,4,6,6,80.42294849537033,2,74.51331018518518,0.1186041666666665,21.0703125,25.642939814814813
2.016666666666666,1010.0,1,5,6,6,86.87674189814813,2,117.47106481481482,0.1192638888888888,23.02372685185185,25.97916666666668
2.0083333333333333,1012.3408564814814,1,6,6,6,94.01057581018522,2,132.3321759259259,0.1192638888888888,23.881944444444446,25.4626736111111
2.3583333333333343,1010.1475694444443,0,0,6,6,93.14816550925929,2,154.20428240740745,0.1192638888888888,23.910879629629637,25.51793981481481
1.9312500000000008,1010.0,0,1,6,6,92.75515046296294,2,133.67939814814812,0.1192638888888888,23.519675925925924,25.328125000000004
1.4999999999999998,1010.0,0,2,6,6,91.88627604166663,2,107.96035879629628,0.1192638888888888,23.401041666666668,25.34751157407408
1.2312499999999995,1010.0,0,3,6,6,90.85046296296294,2,113.25781249999996,0.1192638888888888,22.99797453703704,25.373553240740733
1.429166666666667,1010.0,0,4,6,6,89.19747974537033,2,114.890625,0.1192638888888888,22.85763888888889,25.49913194444444
0.8729166666666667,1009.9768518518516,1,5,6,6,81.86120659722222,2,78.62297453703702,0.1192002314814815,22.77806712962963,26.931134259259256
2.131249999999999,1009.9797453703704,1,6,6,6,91.86350694444448,2,105.50607638888891,0.1189583333333334,24.133101851851865,26.27285879629629
3.227083333333333,1010.0,0,0,6,6,96.31947916666668,2,120.15306712962963,0.1189583333333334,24.11516203703704,25.20659722222223
3.033333333333332,1010.0,0,1,6,6,93.28636863425923,2,164.03530092592592,0.1189583333333334,24.6009837962963,26.26388888888889
2.987499999999999,1010.0,0,2,6,6,93.2745138888889,2,140.9253472222222,0.1189583333333334,25.11487268518519,26.80410879629629
2.297916666666666,1010.0,0,3,6,6,88.19935474537039,2,87.01707175925928,0.1189583333333334,24.840567129629623,27.49421296296296
2.15,1010.0,0,4,6,6,83.02566550925927,2,72.34577546296296,0.1189583333333334,23.47482638888889,27.293981481481485
1.0645833333333337,1010.0,1,5,6,6,83.77439814814814,2,96.87673611111111,0.1189583333333334,24.166666666666668,27.95891203703704
1.4145833333333335,1010.0,1,6,6,6,83.60837094907409,2,110.8972800925926,0.1188252314814815,24.080439814814813,27.87152777777777
1.4708333333333332,1010.0,0,0,6,6,85.47613425925924,2,130.9730902777778,0.1183194444444444,23.422743055555543,26.71643518518518
1.4583333333333337,1010.0,0,1,6,6,80.1064699074074,2,82.3298611111111,0.1183194444444444,22.833622685185187,27.214120370370367
1.9270833333333333,1010.0,0,2,6,6,88.59304976851853,2,85.37760416666664,0.1183194444444444,24.28732638888889,27.003472222222225
1.95625,1010.0,0,3,6,6,88.69375000000001,2,102.32436342592594,0.1183194444444444,24.614583333333325,27.25810185185185
1.3937500000000005,1010.0983796296296,0,4,6,6,87.19535011574072,2,87.53327546296295,0.1183194444444444,24.537037037037027,27.53877314814815
1.304166666666667,1012.1874999999995,1,5,7,7,88.57600983796294,2,124.12557870370372,0.1183194444444444,24.53674768518518,27.203993055555543
0.9645833333333332,1013.8252314814812,1,6,7,7,80.78113136574075,2,118.228587962963,0.1183194444444444,23.720486111111104,28.057581018518515
0.6916666666666664,1010.3645833333334,0,0,7,7,80.00453124999997,2,90.0876736111111,0.1182789351851851,23.625868055555557,27.993923611111104
0.9916666666666666,1010.0,0,1,7,7,80.24537326388891,2,86.3978587962963,0.118125,23.72540509259259,28.14901620370371
1.522916666666666,1011.2094907407408,0,2,7,7,80.55326388888888,2,71.93923611111111,0.118125,23.77546296296296,28.24103009259259
1.620833333333333,1011.9502314814814,0,3,7,7,78.41359085648146,2,64.29890046296296,0.118125,23.155381944444443,28.25231481481482
1.152083333333333,1010.2864583333334,0,4,7,7,81.82520833333335,2,82.86168981481482,0.118125,23.90364583333333,28.094618055555568
1.0083333333333335,1010.0,1,5,7,7,80.63154513888887,2,122.10069444444444,0.118125,23.651331018518515,28.01620370370371
0.947916666666667,1010.0,1,6,7,7,82.00496238425924,2,97.20717592592592,0.118125,23.46556712962963,27.594328703703702
1.2270833333333333,1010.0,0,0,7,7,84.57414641203704,2,63.34461805555554,0.118125,23.74450231481481,27.492476851851844
1.435416666666666,1010.0,0,1,7,7,86.07389178240743,2,103.81076388888889,0.1179195601851851,23.89351851851852,27.103877314814827
2.8749999999999987,1010.5960648148148,0,2,7,7,90.34172743055554,2,72.28269675925927,0.1171388888888887,24.608796296296305,26.89554398148148
2.966666666666669,1010.8506944444443,0,3,7,7,94.20636863425926,2,124.24913194444444,0.1171388888888887,25.33420138888889,26.865740740740733
2.893749999999999,1010.2748842592592,0,4,7,7,91.28353298611113,2,89.41261574074075,0.1171388888888887,25.088831018518515,27.21412037037037
1.3104166666666666,1010.0,1,5,7,7,84.28289930555555,2,126.08391203703708,0.1171388888888887,24.079571759259263,27.67013888888889
1.0104166666666667,1010.0,1,6,7,7,81.8584548611111,2,97.529224537037,0.1171388888888887,23.800347222222225,27.98234953703704
1.1708333333333336,1010.0,0,0,7,7,87.56267650462964,2,89.8917824074074,0.1171388888888887,24.258969907407405,27.27285879629629
1.3229166666666663,1010.0,0,1,7,7,88.03820023148147,2,117.7445023148148,0.1171388888888887,24.49826388888889,27.301504629629623
0.8104166666666667,1010.0434027777778,0,2,7,7,88.03204571759261,2,118.0390625,0.1170202546296295,24.396990740740737,27.140335648148152
1.0291666666666666,1010.0,0,3,7,7,86.40938657407408,2,102.03211805555554,0.1165694444444443,24.70891203703704,27.803530092592585
0.8250000000000001,1010.0,0,4,7,7,85.15283854166667,2,126.16319444444444,0.1165694444444443,24.086805555555557,27.44270833333333
1.6541666666666668,1010.0,1,5,7,7,92.66173032407409,2,129.95486111111111,0.1165694444444443,24.546006944444443,26.45630787037037
1.7166666666666668,1010.0,1,6,7,7,94.32335937500004,2,89.85677083333336,0.1165694444444443,24.53125,26.114004629629637
1.685416666666667,1010.0,0,0,7,7,85.43088252314816,2,142.8466435185185,0.1165694444444443,24.170428240740744,27.514756944444443
1.16875,1011.4207175925926,0,1,7,7,80.23715567129632,2,84.55729166666667,0.1165694444444443,23.728877314814813,28.05237268518519
1.2854166666666669,1010.0057870370372,0,2,7,7,80.32657696759257,2,86.1652199074074,0.1165694444444443,23.45804398148148,28.1009837962963
1.5479166666666666,1010.0,0,3,7,7,79.56616608796297,2,103.72743055555554,0.1164363425925926,23.5943287037037,28.16782407407408
2.06875,1009.9884259259258,0,4,7,7,79.50394965277779,2,78.23321759259261,0.1159305555555555,23.68692129629629,28.25665509259258
3.3958333333333344,1009.8495370370364,1,5,7,7,85.20798321759261,2,125.98466435185183,0.1159305555555555,24.73148148148148,28.059317129629623
3.7375000000000007,1008.058449074074,1,6,7,7,90.40915509259258,2,95.02922453703708,0.1159305555555555,25.29050925925925,27.58333333333333
2.8229166666666665,1009.5949074074072,0,0,7,7,93.21795138888892,2,104.7164351851852,0.1159305555555555,24.662037037037035,26.496817129629637
1.9187500000000004,1010.0,0,1,8,8,85.60877314814815,2,65.34895833333334,0.1159305555555555,23.227719907407405,26.63078703703704
2.941666666666668,1010.0,0,2,8,8,95.73214988425929,2,70.07118055555554,0.1159305555555555,25.20775462962963,26.52575231481482
1.7958333333333334,1012.065972222222,0,3,8,8,91.8275636574074,2,122.92737268518516,0.1159305555555555,24.80005787037037,26.96180555555556
1.8083333333333336,1010.4629629629628,0,4,8,8,89.29883680555555,2,110.3159722222222,0.1158234953703702,24.799189814814813,27.4369212962963
1.2000000000000002,1010.0,1,5,8,8,88.16747685185186,2,112.72164351851852,0.1154166666666665,24.626446759259256,27.44878472222221
2.2104166666666667,1010.0,1,6,8,8,89.51933449074075,2,75.41174768518518,0.1154166666666665,24.99103009259259,27.46035879629629
2.202083333333334,1010.0,0,0,8,8,90.10541666666668,2,79.21846064814814,0.1154166666666665,25.37065972222223,27.707175925925917
1.6333333333333335,1010.0,0,1,8,8,86.11309027777777,2,83.25925925925927,0.1154166666666665,24.953125,28.134259259259256
1.2979166666666668,1010.0,0,2,8,8,87.9962326388889,2,80.50723379629629,0.1154166666666665,24.82812500000001,27.669560185185187
1.8208333333333333,1010.0,0,3,8,8,86.6287384259259,2,82.1388888888889,0.1154166666666665,24.449363425925924,27.687789351851844
1.5125,1010.0,0,4,8,8,85.82052372685185,2,96.71585648148144,0.1154166666666665,24.610532407407412,27.93373842592592
1.4208333333333334,1010.0,1,5,8,8,85.18074652777779,2,87.3822337962963,0.1152777777777777,24.50810185185186,27.918402777777786
1.460416666666667,1010.0,1,6,8,8,82.00166956018518,2,118.50723379629628,0.1147499999999999,24.05034722222221,28.11603009259258
2.079166666666667,1010.0,0,0,8,8,82.55326678240739,2,81.52459490740739,0.1147499999999999,24.508969907407405,28.32031249999999
2.189583333333333,1010.0,0,1,8,8,83.4976678240741,2,79.0613425925926,0.1147499999999999,24.705729166666668,28.5396412037037
1.3958333333333333,1010.0,0,2,8,8,80.29458043981481,2,101.73032407407408,0.1147499999999999,24.608217592592595,28.882812500000004
0.90625,1010.0,0,3,8,8,81.47974537037037,2,83.58564814814815,0.1147499999999999,24.552951388888896,28.64207175925925
0.9624999999999996,1010.0,0,4,8,8,86.58313078703704,2,95.5486111111111,0.1147499999999999,24.82609953703704,27.94762731481481
1.1770833333333328,1010.0,1,5,8,8,81.7884693287037,2,69.79340277777779,0.1147499999999999,24.107928240740737,28.201678240740744
2.210416666666666,1010.0,1,6,8,8,86.74302951388891,2,120.66059027777776,0.1146024305555556,24.41724537037037,27.455729166666657
2.7291666666666674,1010.3935185185186,0,0,8,8,88.79742766203707,2,82.30381944444444,0.1140416666666667,24.813368055555557,27.489872685185173
2.891666666666667,1010.0,0,1,8,8,85.24616030092592,2,67.91232638888887,0.1140416666666667,24.37644675925925,27.83622685185184
2.3854166666666665,1009.6325231481482,0,2,8,8,89.09225115740742,2,98.61631944444446,0.1140416666666667,24.73929398148148,27.44907407407408
1.7562500000000003,1008.203125,0,3,8,8,91.25651041666669,2,123.18402777777776,0.1140416666666667,24.84201388888889,26.977719907407405
1.2541666666666669,1009.3952546296294,0,4,8,8,91.38550925925928,2,116.27083333333336,0.1140416666666667,24.939236111111114,27.01186342592592
1.6125,1009.7164351851852,1,5,8,8,95.93216435185184,2,112.62297453703708,0.1140416666666667,25.67013888888889,27.02141203703705
1.8437500000000009,1003.5098379629632,1,6,8,8,93.47697627314815,2,117.34577546296296,0.1140416666666667,24.93981481481481,26.64583333333332
2.8937499999999994,1003.7297453703706,0,0,8,8,96.53484375,2,80.91550925925925,0.1138449074074074,25.209490740740744,26.38483796296295
2.0916666666666663,1009.9797453703704,0,1,8,8,91.57998263888892,2,112.7152777777778,0.1130972222222223,24.821759259259256,26.905381944444446
1.154166666666667,1010.0,0,2,8,8,82.7785040509259,2,64.71788194444444,0.1130972222222223,23.66898148148148,27.592303240740737
1.5062499999999994,1010.0,0,3,8,8,85.83368055555557,2,84.94068287037037,0.1130972222222223,24.527777777777786,27.86805555555556
1.8083333333333336,1010.0,0,4,9,9,91.37311631944446,3,74.92505787037038,0.1130972222222223,25.02025462962963,27.17013888888889
0.9145833333333327,1010.0,1,5,9,9,90.96207465277776,3,106.6941550925926,0.1130972222222223,23.463541666666668,25.71527777777777
0.727083333333333,1010.0,1,6,9,9,81.09347511574073,3,115.45659722222224,0.1130972222222223,22.47829861111111,26.75723379629629
1.1937500000000008,1010.0,0,0,9,9,84.0044502314815,3,90.4615162037037,0.1130972222222223,23.22395833333333,26.89699074074073
0.7333333333333333,1010.0,0,1,9,9,83.22606770833333,3,121.35271990740743,0.1129351851851851,23.33015046296296,27.25983796296296
1.0333333333333328,1010.0,0,2,9,9,89.86337673611109,3,101.94994212962962,0.1123194444444442,23.99305555555556,26.429976851851848
1.947916666666667,1010.0,0,3,9,9,89.28908564814817,3,77.57609953703704,0.1123194444444442,24.488136574074076,27.139178240740748
4.116666666666668,1009.9565972222216,0,4,9,9,96.6870486111111,3,85.03906249999999,0.1123194444444442,25.572048611111114,26.58420138888889
6.091666666666669,1004.6903935185184,1,5,9,9,95.53804976851852,3,98.31221064814814,0.1123194444444442,25.212384259259256,26.430844907407405
11.600000000000003,992.1903935185188,1,6,9,9,95.81310763888888,3,62.11168981481482,0.1123194444444442,23.63020833333334,24.86024305555556
7.468750000000003,991.2355324074072,0,0,9,9,92.59043692129627,3,115.29571759259262,0.1123194444444442,22.87355324074075,24.61082175925924
3.037500000000001,1006.0445601851848,0,1,9,9,83.00936342592593,3,73.62152777777777,0.1123194444444442,21.72482638888889,25.58015046296296
1.0729166666666663,1010.0,0,2,9,9,80.2631394675926,3,61.73755787037036,0.1120734953703703,21.480613425925924,25.80295138888888
0.8791666666666665,1010.0,0,3,9,9,86.02183738425929,3,93.86747685185186,0.1111388888888888,23.350115740740737,26.50202546296295
1.2104166666666665,1010.0,0,4,9,9,89.78029803240742,3,72.78153935185185,0.1111388888888888,24.6953125,27.076678240740737
2.40625,1010.0,1,5,9,9,91.8076186342592,3,57.89062499999999,0.1111388888888888,24.569444444444443,26.50405092592592
2.568749999999999,1010.0,1,6,9,9,88.36699652777777,3,57.24913194444444,0.1111388888888888,23.25318287037037,25.957175925925924
2.6145833333333326,1010.0,0,0,9,9,88.07780092592594,3,66.57320601851852,0.1111388888888888,22.561053240740744,25.3671875
2.4291666666666667,1010.0,0,1,9,9,88.27404224537035,3,80.24971064814815,0.1111388888888888,22.711226851851848,25.408854166666668
2.418750000000001,1010.0,0,2,9,9,89.28797743055556,3,61.22164351851851,0.1111388888888888,23.318287037037027,25.800925925925924
2.4041666666666672,1010.0,0,3,9,9,90.32291956018516,3,82.06221064814814,0.1108437499999999,23.01388888888889,25.396990740740744
2.914583333333333,1009.6469907407408,0,4,9,9,93.02349537037036,3,77.90827546296298,0.1097222222222222,23.713541666666668,25.39467592592592
3.535416666666668,1008.7557870370366,1,5,9,9,94.3909085648148,3,69.63975694444443,0.1097222222222222,24.291666666666668,25.65075231481481
2.793750000000001,1008.009259259259,1,6,9,9,93.5424681712963,3,97.7505787037037,0.1097222222222222,24.34201388888888,25.951099537037035
1.6208333333333331,1008.5387731481478,0,0,9,9,88.72200520833331,3,70.33738425925927,0.1097222222222222,23.387152777777786,26.03211805555556
1.4666666666666677,1009.030671296296,0,1,9,9,85.95947337962963,3,60.17216435185184,0.1097222222222222,23.457175925925924,26.70138888888889
1.954166666666666,1009.21875,0,2,9,9,86.0347482638889,3,62.0431134259259,0.1097222222222222,23.212384259259263,26.50839120370371
1.3541666666666667,1009.542824074074,0,3,9,9,84.72651909722218,3,61.51475694444444,0.1097222222222222,23.16637731481482,26.75520833333333
1.7124999999999997,1009.9594907407404,0,4,9,9,91.76615162037037,3,93.482349537037,0.1091203703703703,23.80063657407408,25.94733796296296
1.4749999999999996,1009.9855324074072,1,5,9,9,90.62969618055556,3,97.22251157407408,0.1068333333333333,23.616319444444446,25.86950231481481
3.59375,1010.0,1,6,10,10,95.2279050925926,3,85.70225694444446,0.1068333333333333,24.22077546296296,25.47887731481482
5.062499999999999,1010.0057870370372,0,0,10,10,92.16674479166666,3,96.34722222222224,0.1068333333333333,22.880208333333325,24.822048611111097
6.310416666666669,1011.7997685185186,0,1,10,10,93.01567418981482,3,96.19241898148148,0.1068333333333333,22.45052083333334,24.29282407407408
5.870833333333335,1010.535300925926,0,2,10,10,91.8969878472222,3,89.31539351851853,0.1068333333333333,21.882812500000004,23.91145833333333
5.329166666666666,1009.968171296296,0,3,10,10,98.93747974537035,3,109.4163773148148,0.1068333333333333,23.14351851851852,23.76562500000001
3.268750000000001,1009.9768518518516,0,4,10,10,96.32316840277775,3,107.7667824074074,0.1068333333333333,24.50549768518519,25.57986111111111
3.2333333333333343,1009.9884259259258,1,5,10,10,97.3157609953704,3,98.08015046296298,0.1069461805555555,25.470775462962965,26.34490740740741
3.064583333333332,1009.97974537037,1,6,10,10,97.33506655092592,3,83.36429398148148,0.1073749999999999,25.44762731481481,26.3046875
2.0395833333333333,1010.0,0,0,10,10,93.95441550925926,3,82.0769675925926,0.1073749999999999,24.949942129629637,26.486111111111104
2.741666666666667,1010.0,0,1,10,10,92.4031394675926,3,53.62384259259259,0.1073749999999999,24.359375,26.11400462962962
2.725,1010.0,0,2,10,10,90.90606770833334,3,55.68431712962962,0.1073749999999999,23.174189814814813,25.331307870370363
3.3666666666666685,1010.0,0,3,10,10,88.22798900462965,3,47.34201388888889,0.1073749999999999,21.55121527777777,24.285879629629623
4.433333333333334,1010.0,0,4,10,10,93.95911458333332,3,72.15972222222221,0.1073749999999999,23.91521990740741,25.377314814814824
3.787500000000001,1010.0,1,5,10,10,94.18753761574077,3,73.62239583333334,0.1073749999999999,24.09317129629629,25.42216435185186
2.5250000000000004,1010.0,1,6,10,10,92.89064814814816,3,53.2890625,0.1073315972222222,23.555266203703702,25.27141203703704
1.727083333333333,1010.0,0,0,10,10,91.4440972222222,3,59.961226851851855,0.1071666666666667,23.39814814814815,25.377025462962965
4.479166666666665,1010.0,0,1,10,10,96.75235243055556,3,74.26649305555556,0.1071666666666667,21.86747685185186,22.920428240740748
4.6604166666666655,1010.0,0,2,10,10,94.04561342592592,3,103.00839120370368,0.1071666666666667,21.556134259259256,23.028067129629623
4.279166666666667,1010.0,0,3,10,10,92.05910300925927,3,52.68981481481481,0.1071666666666667,21.514756944444443,23.37847222222221
4.387499999999999,1010.0983796296296,0,4,10,10,90.50403067129628,3,51.1550925925926,0.1071666666666667,21.46817129629629,23.66666666666667
4.175,1010.7957175925926,1,5,10,10,91.81793981481478,3,67.01591435185185,0.1071666666666667,21.75694444444444,23.665509259259263
3.2062500000000003,1010.5729166666666,1,6,10,10,95.09538194444444,3,82.18026620370371,0.1071666666666667,23.39872685185185,24.67361111111111
3.066666666666668,1010.0,0,0,10,10,98.16816550925924,3,71.2523148148148,0.1064432870370371,23.8125,24.49710648148148
2.85,1009.9565972222218,0,1,10,10,88.89397858796296,3,51.745081018518526,0.1036944444444444,19.36834490740741,21.81626157407408
4.266666666666667,1010.0,0,2,10,10,73.51646701388886,3,37.51880787037037,0.1036944444444444,11.671006944444438,17.1640625
2.972916666666667,1010.0,0,3,10,10,68.98970775462963,3,34.18981481481482,0.1036944444444444,9.473958333333334,16.073206018518515
2.981250000000001,1010.0,0,4,10,10,78.58863136574075,3,38.22077546296296,0.1036944444444444,13.739583333333334,18.2662037037037
2.008333333333333,1005.5237268518516,1,5,10,10,90.37114583333336,3,64.12413194444444,0.1036944444444444,18.310185185185187,20.61371527777778
5.152083333333333,1004.5659722222222,1,6,10,10,81.77177951388892,3,46.112268518518526,0.1036944444444444,12.658564814814817,16.45052083333334
2.8312499999999994,1010.6828703703704,0,0,10,10,67.28335648148148,3,31.56336805555556,0.1036944444444444,6.591435185185183,13.423900462962962
1.8312500000000005,1014.320023148148,0,1,10,10,63.95189814814815,3,34.71990740740741,0.1027974537037036,8.075520833333332,15.77980324074074
1.820833333333333,1011.6116898148148,0,2,11,11,80.27109664351852,3,38.39930555555555,0.0993888888888889,14.008969907407405,18.2890625
2.0604166666666663,1012.9803240740742,0,3,11,11,88.79698784722221,3,36.68200231481482,0.0993888888888889,17.20399305555556,19.727141203703702
2.6041666666666665,1011.3396990740742,0,4,11,11,89.97022569444444,3,47.73524305555555,0.0993888888888889,18.072627314814813,20.2740162037037
2.35625,1010.0,1,5,11,11,89.13375000000002,3,35.74710648148148,0.0993888888888889,18.074363425925927,20.447048611111114
2.34375,1010.0,1,6,11,11,91.77684606481482,3,35.852719907407405,0.0993888888888889,18.89670138888889,20.768518518518515
1.9895833333333337,1010.0,0,0,11,11,92.728041087963,3,48.16521990740741,0.0993888888888889,19.9777199074074,21.721643518518523
1.8687500000000004,1010.0,0,1,11,11,88.50574074074075,3,33.90740740740741,0.0993888888888889,19.00347222222222,21.516203703703702
1.7354166666666664,1010.0,0,2,11,11,88.08982060185184,3,45.52228009259259,0.099255787037037,18.32262731481482,21.002314814814817
1.4062499999999991,1010.0,0,3,11,11,91.86510416666668,3,68.57581018518518,0.0987499999999999,19.538194444444446,21.43229166666666
3.8625,1010.4369212962962,0,4,11,11,91.40117766203704,3,69.19675925925928,0.0987499999999999,17.46556712962963,19.44820601851852
4.214583333333333,1012.427662037037,1,5,11,11,90.0557696759259,3,45.91493055555555,0.0987499999999999,17.974247685185183,20.370081018518515
4.366666666666667,1014.4386574074074,1,6,11,11,93.57673611111112,3,67.17071759259258,0.0987499999999999,19.88946759259259,21.4849537037037
4.10625,1010.78125,0,0,11,11,91.26444733796296,3,43.02372685185185,0.0987499999999999,19.3744212962963,21.417534722222225
4.725,1010.0,0,1,11,11,88.86527199074077,3,40.01475694444444,0.0987499999999999,17.06076388888889,19.58362268518518
3.929166666666667,1010.0,0,2,11,11,84.84173032407408,3,35.06944444444444,0.0987499999999999,14.27285879629629,17.594039351851848
3.285416666666668,1010.0,0,3,11,11,82.40574074074077,3,32.66753472222222,0.0992881944444444,13.355034722222223,17.163773148148145
2.6020833333333337,1010.0,0,4,11,11,76.48934317129631,3,32.635416666666664,0.1013333333333333,12.3130787037037,17.36371527777778
1.6312500000000003,1010.0,1,5,11,11,82.63013310185183,3,34.666087962962955,0.1013333333333333,14.981481481481472,18.818865740740748
3.541666666666666,1009.9855324074072,1,6,11,11,88.2092071759259,3,48.80237268518517,0.1013333333333333,16.353877314814817,18.870081018518515
4.177083333333336,1010.5700231481482,0,0,11,11,77.27774305555555,3,36.18663194444444,0.1013333333333333,11.345196759259258,16.08015046296297
2.616666666666666,1009.9826388888888,0,1,11,11,97.08481192129626,3,71.54050925925925,0.1013333333333333,18.35706018518518,19.321759259259256
1.5020833333333332,1009.9942129629628,0,2,11,11,89.3581597222222,3,48.77748842592592,0.1013333333333333,17.908564814814817,20.37297453703704
2.297916666666667,1005.7581018518516,0,3,11,11,99.54290219907404,3,71.93547453703702,0.1013333333333333,19.456597222222225,19.923900462962965
2.9541666666666653,1008.4201388888888,0,4,11,11,92.08390625000004,3,60.90017361111111,0.1014432870370369,15.436921296296296,17.36168981481481
1.5229166666666656,1010.0,1,5,11,11,81.8441579861111,3,29.84982638888889,0.101861111111111,13.751736111111104,17.66145833333333
1.9020833333333331,1010.066550925926,1,6,11,11,81.73496527777779,3,35.457754629629626,0.101861111111111,13.825231481481474,17.65885416666667
2.441666666666667,1010.0491898148148,0,0,11,11,81.11000868055557,3,35.978877314814824,0.101861111111111,13.11776620370371,17.277777777777775
3.35,1013.7268518518522,0,1,11,11,90.5004108796296,3,39.20515046296296,0.101861111111111,17.64380787037037,19.819444444444446
3.3854166666666656,1015.1099537037034,0,2,11,11,88.59486979166665,3,39.22193287037037,0.101861111111111,18.224247685185183,20.763888888888893
2.7958333333333343,1011.8402777777776,0,3,11,11,86.62255787037036,3,28.21006944444444,0.101861111111111,16.91001157407408,19.842881944444446
1.791666666666667,1011.1400462962962,0,4,12,12,82.91910011574073,0,27.98032407407408,0.101861111111111,15.469039351851848,19.26504629629629
1.4645833333333336,1013.1626157407408,1,5,12,12,84.28988715277778,0,30.186631944444446,0.1015746527777778,16.189525462962962,19.736400462962965
1.5875000000000006,1011.5943287037036,1,6,12,12,85.71298900462962,0,37.41608796296296,0.1004861111111111,16.255787037037035,19.57986111111111
2.820833333333334,1016.0040509259256,0,0,12,12,90.69941840277782,0,66.2728587962963,0.1004861111111111,17.252314814814813,19.277777777777786
1.841666666666668,1016.4293981481482,0,1,12,12,84.31361979166668,0,34.4369212962963,0.1004861111111111,17.40219907407407,20.862268518518512
1.54375,1010.4166666666666,0,2,12,12,89.7801851851852,0,34.445891203703695,0.1004861111111111,18.439525462962965,20.894675925925924
1.16875,1009.9855324074072,0,3,12,12,93.48841724537036,0,53.17708333333332,0.1004861111111111,19.03125,20.541956018518515
3.8125,1003.7962962962962,0,4,12,12,95.3690422453704,0,55.05873842592593,0.1004861111111111,20.81886574074074,21.94415509259259
5.839583333333331,1009.7598379629628,1,5,12,12,86.13715277777779,0,40.22280092592592,0.1004861111111111,11.17824074074074,14.007523148148143
3.4270833333333326,1020.0,1,6,12,12,73.02840567129628,0,26.965567129629623,0.1002633101851851,3.872974537037036,9.25607638888889
2.029166666666666,1019.4820601851852,0,0,12,12,70.85329571759259,0,26.66435185185185,0.0994166666666665,4.293402777777777,10.388599537037036
4.043750000000001,1010.0636574074074,0,1,12,12,80.28641203703702,0,45.83709490740741,0.0994166666666665,10.85300925925926,15.093749999999998
2.8895833333333343,1011.2065972222222,0,2,12,12,70.2326273148148,0,27.47685185185186,0.0994166666666665,5.387152777777779,11.535590277777777
2.358333333333333,1010.0,0,3,12,12,85.81972800925928,0,47.66174768518519,0.0994166666666665,12.56741898148148,15.699652777777771
2.6666666666666683,1011.507523148148,0,4,12,12,90.48221354166668,0,43.93721064814815,0.0994166666666665,15.436921296296298,17.65046296296296
2.4083333333333328,1019.453125,1,5,12,12,82.12637731481482,0,40.0546875,0.0994166666666665,12.470486111111107,16.426215277777782
1.9520833333333325,1019.8553240740742,1,6,12,12,85.89032986111111,0,41.17621527777778,0.0994166666666665,14.804976851851851,17.992476851851848
1.379166666666667,1019.9537037037036,0,0,12,12,91.00259837962962,0,40.02372685185185,0.0995787037037035,17.715567129629626,19.739872685185176
1.1249999999999998,1018.8657407407408,0,1,12,12,87.2057204861111,0,37.211516203703695,0.1001944444444444,17.47222222222222,20.352430555555557
2.214583333333332,1011.6435185185186,0,2,12,12,92.07300925925928,0,54.578703703703695,0.1001944444444444,17.73755787037037,19.567129629629623
2.191666666666666,1010.4745370370372,0,3,12,12,94.3669733796296,0,49.18055555555557,0.1001944444444444,19.195891203703702,20.473379629629616
1.435416666666667,1015.3182870370368,0,4,12,12,84.53888020833331,0,42.14670138888889,0.1001944444444444,16.04513888888889,19.499710648148145
1.8416666666666663,1016.0561342592592,1,5,12,12,90.73124710648146,0,61.15190972222223,0.1001944444444444,17.664641203703706,19.82002314814815
1.9187499999999984,1014.3431712962962,1,6,12,12,92.9422337962963,0,49.5986689814815,0.1001944444444444,18.242476851851848,19.89265046296296
3.8770833333333328,1019.1145833333331,0,0,12,12,74.20912905092594,0,32.69155092592593,0.1001944444444444,11.240162037037036,16.821180555555554
2.552083333333333,1020.0,0,1,12,12,79.26738136574075,0,58.17361111111112,0.1002175925925926,11.548611111111107,15.917534722222216
2.0812500000000003,1019.973958333333,0,2,12,12,85.72570891203702,0,50.33738425925927,0.1003055555555555,15.21875,18.33246527777777
3.462499999999998,1019.9710648148144,0,3,12,12,87.06541377314817,0,48.04253472222222,0.1003055555555555,14.009548611111112,16.918402777777775
3.524999999999999,1019.8263888888888,0,4,12,12,88.76493634259259,0,71.58940972222221,0.1003055555555555,11.12991898148148,13.58969907407407
2.7604166666666665,1016.6984953703704,1,5,12,12,88.80625578703705,0,43.2097800925926,0.1003055555555555,10.087962962962964,12.590567129629632
1.6958333333333326,1016.3599537037036,1,6,12,12,77.57746527777779,0,29.905381944444443,0.1008177083333333,9.637442129629628,14.515625
4.859895833333336,1020.3350694444443,0,0,1,1,86.76820601851853,0,27.22077546296296,0.1006944444444445,9.325520833333336,11.471498842592595
6.799623842592593,1023.2971643518518,0,1,1,1,81.36533275462962,0,56.76186342592592,0.1006944444444445,3.8778067129629634,6.908159722222223
5.218402777777777,1016.6467013888888,0,2,1,1,89.8828443287037,0,39.83709490740741,0.1006944444444445,6.404166666666666,8.01200810185185
3.914380787037034,1019.9308449074076,0,3,1,1,71.42628472222223,0,29.675925925925924,0.1006944444444445,2.144270833333334,7.181568287037038
3.245862268518518,1025.7922453703704,0,4,1,1,56.81519965277778,0,38.07465277777778,0.1003761574074075,-1.4173611111111104,7.135908564814813
3.607320601851852,1027.9814814814815,1,5,1,1,58.27300347222221,0,48.45167824074073,0.0991666666666667,0.2662326388888887,8.455584490740742
4.464004629629629,1026.4241898148148,1,6,1,1,74.98625289351854,0,30.84027777777777,0.0991666666666667,6.339988425925927,10.881712962962965
2.6114004629629624,1019.4053819444448,0,0,1,1,92.43973958333332,0,72.97309027777779,0.0991666666666667,13.682986111111113,14.963049768518516
2.254369212962963,1016.0439814814814,0,1,1,1,90.16953703703705,0,44.42303240740741,0.0991666666666667,17.11519097222222,18.89716435185185
1.5287037037037037,1015.464699074074,0,2,1,1,89.49622106481479,0,47.19646990740742,0.0991666666666667,17.320486111111112,19.2582175925926
1.7673321759259253,1014.2291666666669,0,3,1,1,89.64582754629629,0,55.23726851851851,0.0991666666666667,17.55763888888889,19.45028935185185
3.7903645833333326,1011.8232060185186,0,4,1,1,92.832109375,0,43.2199074074074,0.0991666666666667,17.721846064814812,18.977633101851847
4.899305555555557,1019.896412037037,1,5,1,1,78.74205729166665,0,56.50896990740742,0.0994560185185184,8.754571759259258,12.4136574074074
4.578182870370371,1026.100983796296,1,6,1,1,70.63930844907408,0,28.067129629629637,0.1005555555555555,3.641319444444445,8.984895833333335
4.483130787037039,1026.0179398148146,0,0,1,1,76.19102141203706,0,30.74450231481481,0.1005555555555555,6.385908564814813,10.689236111111107
2.9540509259259267,1025.3046875000002,0,1,1,1,78.95154513888887,0,36.23929398148149,0.1005555555555555,8.789496527777777,12.786342592592597
3.9863425925925937,1024.3211805555554,0,2,1,1,81.67139756944445,0,44.50231481481483,0.1005555555555555,7.793518518518517,11.00749421296296
3.746354166666667,1026.7479745370372,0,3,1,1,60.68108217592592,0,28.508101851851844,0.1005555555555555,-3.001765046296297,4.310416666666666
1.8567129629629628,1024.6901041666663,0,4,1,1,61.7172771990741,0,60.82812499999999,0.1005555555555555,1.5933738425925923,8.868373842592591
1.71322337962963,1023.1973379629634,1,5,1,1,71.07832175925924,0,68.30150462962963,0.1005555555555555,6.772077546296296,12.026591435185187
2.332089120370371,1020.6733217592596,1,6,1,1,83.12434027777778,0,42.26302083333333,0.1010185185185185,13.667013888888889,16.941203703703703
2.5484375,1017.1996527777778,0,0,1,1,87.96859664351852,0,47.58333333333334,0.1027777777777778,16.78391203703703,19.06498842592593
2.707465277777778,1016.467592592593,0,1,1,1,88.40534722222223,0,64.54224537037038,0.1027777777777778,16.250723379629633,18.289004629629638
3.790711805555555,1021.0260416666669,0,2,1,1,67.98350694444444,0,34.15075231481482,0.1027777777777778,7.382783564814814,13.575810185185183
5.324884259259257,1025.912037037037,0,3,1,1,68.46864004629627,0,59.74218750000001,0.1027777777777778,7.2578125,13.168836805555552
4.953877314814814,1026.881655092593,0,4,1,1,75.6925462962963,0,57.39322916666666,0.1027777777777778,11.598697916666673,16.252864583333334
3.488165509259259,1023.6970486111112,1,5,1,1,76.84879340277776,0,78.32667824074075,0.1027777777777778,13.889641203703706,18.24918981481481
2.7642361111111104,1017.7112268518516,1,6,1,1,93.76447048611112,0,54.89583333333332,0.1027777777777778,17.89091435185185,18.994907407407407
3.643634259259259,1014.6209490740744,0,0,1,1,92.69343460648147,0,67.60792824074075,0.1028356481481482,16.692621527777778,17.92832754629629
4.304079861111112,1021.9056712962962,0,1,1,1,66.62307291666667,0,42.53240740740742,0.1030555555555556,5.663657407407407,12.04131944444444
3.267158564814816,1023.1594328703706,0,2,1,1,71.79961516203706,0,35.18576388888889,0.1030555555555556,7.052893518518519,12.231973379629627
1.6704282407407411,1021.0046296296296,0,3,2,2,76.80067418981484,0,49.86805555555554,0.1030555555555556,11.140711805555554,15.574913194444454
2.327719907407406,1021.3831018518518,0,4,2,2,80.85133101851854,0,63.49508101851851,0.1030555555555556,13.099797453703706,16.560387731481484
3.953530092592593,1021.712962962963,1,5,2,2,74.35232638888887,0,77.76099537037037,0.1030555555555556,10.875260416666672,15.535619212962963
3.777285879629628,1016.3359375,1,6,2,2,92.08148726851852,0,36.6177662037037,0.1030555555555556,16.693113425925926,18.099305555555564
2.638859953703705,1018.8376736111112,0,0,2,2,84.35919270833335,0,64.25491898148148,0.1030555555555556,14.287297453703706,17.19545717592592
2.442853009259259,1022.400173611111,0,1,2,2,82.75161747685185,0,60.9699074074074,0.1030266203703703,14.738859953703695,18.083709490740745
2.675376157407406,1021.3715277777782,0,2,2,2,89.58468171296296,0,84.25896990740742,0.1029166666666666,18.197395833333328,20.10046296296296
2.151938657407407,1022.2552083333334,0,3,2,2,87.17831886574076,0,83.12181712962963,0.1029166666666666,17.759317129629625,20.10500578703704
2.897800925925926,1021.4030671296296,0,4,2,2,83.88710358796295,0,85.8599537037037,0.1029166666666666,17.653993055555564,20.672193287037043
2.306655092592593,1019.372974537037,1,5,2,2,86.55424189814813,0,53.23553240740741,0.1029166666666666,18.701070601851857,21.26941550925926
2.4619502314814814,1018.8408564814816,1,6,2,2,89.6216116898148,0,77.50549768518518,0.1029166666666666,19.555642361111115,21.505844907407404
1.9823495370370376,1022.8894675925928,0,0,2,2,88.89320023148146,0,80.97714120370371,0.1029166666666666,20.3296875,22.39872685185185
1.9856481481481485,1026.5552662037037,0,1,2,2,86.63418981481482,0,92.56481481481482,0.1029166666666666,19.535850694444445,22.05344328703704
2.6694444444444447,1026.5905671296298,0,2,2,2,83.28313657407406,0,49.65711805555555,0.1035243055555554,17.725289351851853,20.944444444444446
1.8017071759259256,1023.6762152777782,0,3,2,2,84.82494502314817,0,43.28211805555555,0.1058333333333332,17.94244791666667,20.89366319444444
1.7599826388888886,1020.8697916666669,0,4,2,2,86.23126446759257,0,36.68634259259259,0.1058333333333332,17.863020833333334,20.505700231481487
1.632552083333333,1020.8527199074076,1,5,2,2,85.0925462962963,0,35.23206018518518,0.1058333333333332,17.779745370370375,20.765625000000004
1.1990162037037038,1021.5208333333331,1,6,2,2,77.14393229166667,0,32.85387731481482,0.1058333333333332,16.552864583333335,21.377459490740744
3.5736979166666685,1022.6886574074076,0,0,2,2,78.96364872685187,0,40.32899305555555,0.1058333333333332,18.286197916666666,22.643200231481487
3.574652777777777,1023.7774884259258,0,1,2,2,80.07786747685186,0,64.79398148148148,0.1058333333333332,19.852141203703702,23.913686342592595
3.520428240740741,1025.4166666666667,0,2,2,2,78.51155671296294,0,56.28009259259261,0.1058333333333332,19.55491898148149,24.00017361111111
2.967563657407407,1025.763888888889,0,3,2,2,76.29042534722221,0,55.81278935185187,0.10609375,18.307378472222226,23.19560185185185
2.5550636574074077,1024.4745370370372,0,4,2,2,77.54978587962965,0,57.38368055555554,0.1070833333333333,18.45700231481481,23.126244212962963
2.20457175925926,1020.4482060185186,1,5,2,2,79.83488715277782,0,59.87905092592595,0.1070833333333333,18.80888310185185,22.87960069444444
1.752980324074074,1019.541087962963,1,6,2,2,81.00748553240742,0,40.01417824074074,0.1070833333333333,19.195515046296297,23.04777199074074
2.112065972222221,1020.3622685185184,0,0,2,2,82.62431712962962,0,54.38281249999998,0.1070833333333333,19.53871527777778,23.09577546296296
2.777112268518518,1020.3336226851852,0,1,2,2,78.75945601851849,0,54.47222222222222,0.1070833333333333,18.633449074074083,22.955526620370367
2.048234953703705,1017.5144675925928,0,2,2,2,77.80002025462963,0,60.32204861111111,0.1070833333333333,18.063223379629637,22.60049189814815
3.587008101851851,1015.3055555555557,0,3,3,3,85.93776909722224,1,57.52806712962964,0.1070833333333333,20.424508101851856,23.176041666666663
3.834664351851851,1016.9056712962962,0,4,3,3,68.04209201388888,1,95.7008101851852,0.1072858796296295,15.02832754629629,22.095023148148154
4.382494212962962,1018.4947916666664,1,5,3,3,51.20988715277776,1,35.96122685185185,0.1080555555555555,6.644270833333335,17.563628472222224
4.200810185185186,1018.2216435185184,1,6,3,3,50.53622106481482,1,36.09693287037037,0.1080555555555555,5.289293981481482,16.39403935185186
2.3102141203703703,1016.8159722222224,0,0,3,3,57.93773726851851,1,41.74189814814815,0.1080555555555555,6.96478587962963,16.403385416666662
3.2169560185185198,1013.6918402777778,0,1,3,3,63.82811631944444,1,47.43721064814816,0.1080555555555555,11.909635416666667,19.32219328703704
5.290914351851852,1013.9618055555558,0,2,3,3,63.34898437499999,1,59.74218749999999,0.1080555555555555,10.78917824074074,18.546903935185195
4.520659722222221,1017.6377314814812,0,3,3,3,59.484134837962976,1,58.41608796296297,0.1080555555555555,5.637789351851854,13.521643518518529
2.349305555555554,1019.352141203704,0,4,3,3,46.80693865740741,1,39.32407407407407,0.1080555555555555,1.989872685185185,14.35538194444444
2.546498842592593,1016.1967592592596,1,5,3,3,74.66060474537036,1,95.07118055555556,0.1079398148148148,11.217245370370373,16.38368055555556
2.072019675925925,1011.3761574074072,1,6,3,3,83.50245949074072,1,62.36082175925926,0.1074999999999999,16.948553240740736,20.24930555555556
5.6356481481481495,1011.0601851851852,0,0,3,3,76.39855324074074,1,61.3648726851852,0.1074999999999999,13.227256944444443,17.757349537037037
3.780295138888889,1017.842303240741,0,1,3,3,58.77010706018516,1,50.71875,0.1074999999999999,4.461776620370371,12.83330439814815
3.978096064814816,1018.5121527777776,0,2,3,3,59.54653645833332,1,41.45428240740741,0.1074999999999999,5.180497685185184,13.69184027777778
2.527546296296296,1020.1637731481482,0,3,3,3,51.37255208333335,1,41.51649305555555,0.1074999999999999,2.755729166666667,13.68888888888889
1.5272569444444448,1018.2476851851852,0,4,3,3,54.24893518518519,1,40.4537037037037,0.1074999999999999,6.084085648148148,16.080439814814813
1.5627604166666669,1016.3090277777778,1,5,3,3,62.563761574074086,1,43.07667824074073,0.1074999999999999,10.712413194444446,18.77248263888889
1.77025462962963,1012.9754050925924,1,6,3,3,78.1545630787037,1,55.6585648148148,0.1080787037037037,16.306857638888882,20.83405671296296
2.5206597222222227,1009.415798611111,0,0,3,3,85.1314699074074,1,98.99942129629628,0.1102777777777778,19.012355324074072,21.955873842592585
5.261053240740741,1007.3787615740744,0,1,3,3,92.10360821759258,1,62.1435185185185,0.1102777777777778,20.405353009259255,21.791927083333334
6.069618055555552,1014.8035300925928,0,2,3,3,61.59780092592593,1,55.62008101851851,0.1102777777777778,9.359519675925926,17.0328125
4.517361111111112,1022.1009837962964,0,3,3,3,53.602769097222215,1,42.859953703703695,0.1102777777777778,4.576851851851851,14.420949074074072
3.1584780092592584,1023.1244212962962,0,4,3,3,50.23336805555558,1,44.61111111111112,0.1102777777777778,4.26333912037037,15.606626157407408
2.1383391203703703,1019.783854166667,1,5,3,3,59.79589699074074,1,48.722511574074055,0.1102777777777778,9.040480324074071,18.0767650462963
2.262065972222221,1017.3758680555558,1,6,3,3,80.49604745370368,1,78.79542824074073,0.1102777777777778,16.158246527777774,20.17994791666666
3.765219907407407,1020.1967592592596,0,0,3,3,77.04019965277776,1,83.84432870370368,0.1106828703703702,16.68159722222222,21.37445023148149
4.500636574074075,1022.1157407407408,0,1,3,3,67.93431423611113,1,47.26041666666666,0.1122222222222221,14.278327546296302,21.23214699074074
2.6000868055555557,1019.1070601851856,0,2,3,3,66.41414641203701,1,49.10156249999999,0.1122222222222221,13.88110532407407,21.159346064814816
3.3514467592592605,1017.0095486111107,0,3,3,3,72.55160300925925,1,59.781539351851855,0.1122222222222221,16.368518518518524,22.227285879629623
3.136805555555556,1017.3981481481484,0,4,3,3,82.10677083333336,1,107.53501157407406,0.1122222222222221,18.960416666666664,22.59085648148148
3.77392939814815,1018.5954861111112,1,5,3,3,81.75426504629628,1,120.86197916666664,0.1122222222222221,17.201475694444444,20.62476851851852
2.2804108796296303,1017.082465277778,1,6,4,4,77.38037905092591,1,70.69039351851852,0.1122222222222221,18.000983796296293,22.77433449074074
2.1458622685185182,1015.4117476851852,0,0,4,4,80.00057581018521,1,86.55700231481482,0.1122222222222221,19.15399305555555,23.22071759259259
2.2241898148148147,1014.7907986111112,0,1,4,4,75.76721643518518,1,62.14785879629631,0.1123090277777777,18.787876157407407,23.930873842592582
2.3558738425925934,1015.0789930555557,0,2,4,4,76.60351273148147,1,54.89409722222223,0.1126388888888889,18.780237268518523,23.69939236111111
3.582783564814813,1016.9273726851852,0,3,4,4,54.29908564814814,1,70.33883101851852,0.1126388888888889,10.528732638888886,21.567795138888886
2.242447916666667,1014.923321759259,0,4,4,4,68.0724710648148,1,51.64930555555557,0.1126388888888889,15.395399305555562,22.81221064814815
4.2815104166666655,1010.3012152777776,1,5,4,4,83.85291087962962,1,112.90914351851852,0.1126388888888889,19.956365740740743,23.060474537037035
2.135214120370371,1010.6684027777776,1,6,4,4,81.76587673611114,1,101.9777199074074,0.1126388888888889,20.098292824074075,23.732609953703705
3.288194444444445,1013.5619212962966,0,0,4,4,84.12375000000002,1,86.75434027777779,0.1126388888888889,21.60891203703704,24.82427662037038
3.138310185185184,1015.2178819444443,0,1,4,4,95.27736979166664,1,40.38831018518518,0.1126388888888889,22.16380208333334,22.98593749999999
4.110590277777777,1018.2905092592592,0,2,4,4,69.25576388888888,1,53.68113425925926,0.1129282407407406,13.434259259259257,19.9609375
2.7494212962962963,1018.9311342592592,0,3,4,4,61.902578125,1,53.018518518518526,0.1140277777777777,13.257407407407408,21.566001157407403
2.8187210648148127,1017.280671296296,0,4,4,4,68.76037326388891,1,82.90682870370368,0.1140277777777777,16.884230324074082,23.681539351851853
2.729947916666666,1015.6160300925926,1,5,4,4,69.22100983796295,1,47.53935185185187,0.1140277777777777,17.437500000000004,24.32722800925927
5.807233796296296,1013.1252893518522,1,6,4,4,84.55895543981484,1,87.47077546296295,0.1140277777777777,19.870196759259255,22.691695601851848
5.726012731481482,1017.9557291666669,0,0,4,4,63.73370949074074,1,50.1495949074074,0.1140277777777777,10.511574074074074,17.64774305555555
2.769560185185185,1018.8119212962966,0,1,4,4,54.72932002314815,1,48.50434027777777,0.1140277777777777,9.09664351851852,19.27025462962963
1.3127604166666669,1017.7404513888893,0,2,4,4,55.9722048611111,1,51.506076388888886,0.1140277777777777,11.816724537037038,22.180353009259264
2.770659722222222,1017.7378472222222,0,3,4,4,76.5726707175926,1,66.34664351851852,0.1132175925925925,17.368142361111108,22.100723379629628
1.9957465277777773,1018.140914351852,0,4,4,4,73.50340277777777,1,74.89699074074075,0.1101388888888888,17.24328703703703,22.968923611111105
3.949942129629629,1018.017361111111,1,5,4,4,74.11449652777779,1,90.52662037037038,0.1101388888888888,18.94950810185186,24.499016203703707
3.1171874999999987,1016.7589699074074,1,6,4,4,78.42404224537037,1,119.43692129629628,0.1101388888888888,20.2089988425926,24.75124421296296
3.226417824074076,1014.4149305555557,0,0,4,4,85.10197916666668,1,97.87789351851856,0.1101388888888888,21.635561342592585,24.579166666666666
3.795283564814813,1013.5124421296296,0,1,4,4,74.63975694444446,1,55.56163194444445,0.1101388888888888,17.656973379629633,22.76869212962964
3.718258101851852,1013.0341435185188,0,2,4,4,69.4643778935185,1,54.10011574074076,0.1101388888888888,15.550665509259254,21.736371527777774
2.6990451388888896,1012.1061921296296,0,3,4,4,70.03527488425925,1,62.40480324074076,0.1101388888888888,15.961111111111109,22.10425347222221
3.521614583333333,1011.0153356481486,0,4,4,4,71.76006076388887,1,71.49942129629629,0.110167824074074,17.238657407407413,22.990972222222226
3.4914641203703702,1013.3515625,1,5,4,4,62.96724826388888,1,58.11197916666666,0.1102777777777778,14.10405092592592,22.18098958333333
2.4744791666666663,1016.599826388889,1,6,4,4,59.48530960648147,1,69.29340277777774,0.1102777777777778,14.902314814814815,24.046614583333334
3.405092592592593,1019.0778356481484,0,0,4,4,63.02881944444445,1,84.60271990740739,0.1102777777777778,16.15202546296297,24.371498842592587
3.646064814814815,1020.6108217592596,0,1,5,5,61.0040625,1,74.63628472222223,0.1102777777777778,15.630584490740745,24.344675925925923
3.9122685185185184,1021.3301504629628,0,2,5,5,60.54247685185186,1,83.07523148148148,0.1102777777777778,15.323726851851848,24.205555555555552
3.474479166666667,1020.2158564814816,0,3,5,5,62.848440393518494,1,61.20399305555557,0.1102777777777778,16.54088541666667,24.85923032407408
2.7094039351851844,1017.9962384259262,0,4,5,5,66.38437500000002,1,54.77430555555557,0.1102777777777778,17.72268518518519,25.42569444444444
3.1061053240740737,1013.9036458333334,1,5,5,5,74.18329861111111,1,86.22627314814815,0.1114930555555556,19.45133101851852,24.648061342592587
2.470225694444445,1012.6724537037038,1,6,5,5,82.08271701388888,1,125.07465277777776,0.1161111111111111,21.55914351851852,25.02083333333333
3.0069444444444446,1013.5535300925924,0,0,5,5,65.75226273148148,1,53.40827546296297,0.1161111111111111,17.52983217592593,25.538339120370367
2.4866608796296297,1015.4904513888888,0,1,5,5,58.67457754629629,1,73.59664351851852,0.1161111111111111,16.05821759259259,25.56773726851853
2.823958333333333,1017.0460069444443,0,2,5,5,60.0874681712963,1,78.30931712962963,0.1161111111111111,16.32355324074074,25.665104166666666
1.841608796296297,1017.5946180555552,0,3,5,5,62.32124421296299,1,125.9861111111111,0.1161111111111111,16.859780092592597,25.22297453703704
1.1945023148148144,1017.3946759259262,0,4,5,5,61.3069241898148,1,96.5949074074074,0.1161111111111111,17.721788194444443,26.473321759259264
2.0638888888888887,1017.8625578703708,1,5,5,5,67.18270254629627,1,120.72135416666669,0.1161111111111111,18.175839120370377,25.182783564814816
3.212355324074073,1016.1432291666666,1,6,5,5,77.19938368055553,1,99.77170138888891,0.1163425925925925,19.04262152777777,23.516145833333336
3.7210358796296297,1012.3067129629628,0,0,5,5,94.31837673611112,1,69.70109953703702,0.1172222222222221,22.22016782407408,23.205815972222226
3.64291087962963,1012.2777777777782,0,1,5,5,91.18514178240746,1,84.98408564814817,0.1172222222222221,22.72763310185186,24.34496527777777
3.854774305555556,1012.3327546296296,0,2,5,5,88.8730787037037,1,101.61747685185183,0.1172222222222221,22.24450231481481,24.303472222222226
3.477662037037037,1012.9403935185188,0,3,5,5,93.7273148148148,1,120.53587962962966,0.1172222222222221,22.978356481481484,24.0875
1.9139756944444448,1013.6487268518516,0,4,5,5,84.4612355324074,1,81.06828703703702,0.1172222222222221,21.83741319444445,24.807609953703714
2.25708912037037,1015.7910879629632,1,5,5,5,93.22805266203706,1,111.78935185185183,0.1172222222222221,22.892216435185176,24.09623842592593
3.401099537037038,1016.4869791666666,1,6,5,5,95.42274594907406,1,80.74479166666667,0.1172222222222221,22.490075231481487,23.281452546296293
3.490653935185184,1016.4184027777778,0,0,5,5,93.93423900462962,1,105.27806712962966,0.1176851851851851,22.97792245370371,24.05109953703704
3.148524305555556,1016.7080439814812,0,1,5,5,91.42852430555556,1,103.26273148148148,0.1194444444444444,22.818084490740745,24.3958912037037
1.7554976851851845,1017.0390625,0,2,5,5,83.49727141203701,1,64.52430555555557,0.1194444444444444,22.346383101851853,25.59606481481482
1.1992476851851852,1016.6860532407404,0,3,5,5,88.11394386574074,1,90.31597222222224,0.1194444444444444,23.17861689814814,25.370225694444443
2.456018518518518,1014.6562500000005,0,4,5,5,92.11650462962965,1,90.1953125,0.1194444444444444,23.380844907407408,24.812065972222214
3.4989583333333325,1011.999421296296,1,5,5,5,91.47611979166668,1,94.04947916666664,0.1194444444444444,22.262934027777774,23.78952546296296
6.092042824074074,1005.6536458333331,1,6,5,5,94.8601707175926,1,99.41811342592592,0.1194444444444444,24.012528935185173,24.904542824074078
5.582928240740739,1008.4508101851852,0,0,5,5,91.65868344907408,1,150.67968749999997,0.1194444444444444,23.985561342592597,25.49123263888889
3.6013310185185183,1011.9279513888888,0,1,5,5,93.66348958333336,1,154.22858796296296,0.1193287037037036,24.11605902777778,25.235098379629623
2.809259259259259,1013.3885995370372,0,2,5,5,96.00159432870367,1,107.7879050925926,0.1188888888888888,23.851244212962964,24.542795138888888
1.4192997685185187,1014.7366898148148,0,3,5,5,89.47151331018517,1,119.04369212962962,0.1188888888888888,23.69826388888889,25.61727430555556
1.504398148148148,1014.679398148148,0,4,6,6,87.74571759259258,2,126.43431712962963,0.1188888888888888,23.544965277777777,25.8107349537037
2.419502314814815,1013.2427662037036,1,5,6,6,85.49378472222223,2,65.81134259259258,0.1188888888888888,23.59473379629631,26.318923611111103
3.522656250000002,1013.6692708333334,1,6,6,6,91.08377314814815,2,106.01359953703704,0.1188888888888888,24.793923611111108,26.42523148148148
3.4262152777777763,1013.147858796296,0,0,6,6,92.64255497685184,2,86.01475694444444,0.1188888888888888,25.27824074074074,26.610156250000003
2.97867476851852,1011.865162037037,0,1,6,6,87.02880787037036,2,126.96035879629636,0.1188888888888888,24.38200231481481,26.850752314814816
2.3791377314814817,1011.5358796296294,0,2,6,6,89.56548900462963,2,103.87962962962963,0.1191493055555554,23.32581018518518,25.176996527777774
1.610590277777778,1014.820601851852,0,3,6,6,81.30561053240741,2,67.1857638888889,0.1201388888888888,22.13877314814816,25.6654224537037
0.9732349537037038,1017.8810763888888,0,4,6,6,77.29170428240744,2,94.31423611111114,0.1201388888888888,21.604021990740744,25.9822048611111
1.3004340277777775,1017.7650462962962,1,5,6,6,77.71406249999998,2,68.2265625,0.1201388888888888,21.891001157407413,26.252083333333346
1.5925057870370372,1015.7899305555558,1,6,6,6,79.99961516203705,2,59.47916666666666,0.1201388888888888,22.73061342592592,26.60202546296296
1.3518807870370368,1015.3315972222224,0,0,6,6,75.78407407407406,2,76.42737268518519,0.1201388888888888,22.03020833333333,26.80627893518519
0.8299189814814817,1016.1739004629632,0,1,6,6,73.2227777777778,2,106.4525462962963,0.1201388888888888,21.82705439814814,27.180468750000003
0.9547453703703704,1016.9398148148144,0,2,6,6,78.4619068287037,2,96.23958333333331,0.1201388888888888,22.89785879629629,27.104600694444443
1.0627025462962965,1016.4155092592596,0,3,6,6,77.54094618055555,2,112.8648726851852,0.1201388888888888,22.92086226851852,27.325000000000014
1.6550636574074071,1015.834201388889,0,4,6,6,79.62633391203705,2,88.57002314814817,0.1201388888888888,23.49699074074074,27.415827546296292
1.312673611111111,1016.3466435185182,1,5,6,6,77.35047743055557,2,125.64641203703704,0.1201388888888888,23.32994791666667,27.802980324074078
1.744328703703704,1017.6692708333338,1,6,6,6,79.59625868055556,2,79.41869212962963,0.1201388888888888,23.780237268518515,27.92349537037039
1.4744212962962964,1017.194733796296,0,0,6,6,80.92262731481483,2,130.2554976851852,0.1201388888888888,24.118634259259256,27.97028356481481
1.1508391203703705,1014.78125,0,1,6,6,77.91282118055553,2,89.47222222222223,0.1201388888888888,23.81001157407408,28.27008101851851
1.6255208333333329,1012.6548032407408,0,2,6,6,81.64319444444445,2,119.80844907407408,0.1201388888888888,24.57523148148148,28.10031828703703
2.419444444444444,1012.5607638888888,0,3,6,6,83.20344039351849,2,135.82233796296296,0.1201388888888888,24.84612268518518,28.0238425925926
2.620167824074073,1013.4181134259258,0,4,6,6,84.01404224537039,2,95.22251157407408,0.120023148148148,25.0402488425926,28.04256365740741
2.006741898148148,1014.4754050925926,1,5,6,6,80.23324363425925,2,67.62442129629629,0.1195833333333332,24.5929398148148,28.39916087962963
1.5717881944444445,1015.6744791666664,1,6,6,6,81.41918981481484,2,79.99074074074075,0.1195833333333332,24.600723379629624,28.198466435185185
1.817505787037036,1016.7557870370372,0,0,6,6,83.58138888888888,2,74.68373842592592,0.1195833333333332,24.36218171296295,27.543287037037047
1.3917824074074074,1017.2465277777782,0,1,6,6,80.18612557870372,2,107.07581018518518,0.1195833333333332,24.0734375,27.948726851851845
1.4820023148148147,1016.4508101851852,0,2,6,6,79.95964988425926,2,117.10734953703702,0.1195833333333332,24.276128472222226,28.20083912037036
2.0547453703703704,1015.7919560185184,0,3,6,6,84.37148148148147,2,83.73090277777779,0.1195833333333332,25.08570601851852,28.04574652777778
1.909953703703704,1014.6359953703708,0,4,6,6,89.04315682870367,2,90.02662037037037,0.1195833333333332,25.419184027777774,27.435995370370375
2.030642361111112,1015.3043981481482,1,5,6,6,91.18697627314816,2,76.28559027777779,0.1195833333333332,24.896846064814824,26.468634259259264
1.665943287037037,1015.4427083333336,1,6,7,7,84.4099508101852,2,109.69994212962962,0.1195833333333332,24.561660879629624,27.51785300925927
1.0611689814814815,1015.03125,0,0,7,7,79.24089120370367,2,94.29311342592592,0.1195833333333332,24.202980324074066,28.27717013888889
1.7855324074074077,1015.109375,0,1,7,7,84.6462789351852,2,63.779513888888886,0.1195833333333332,24.457349537037032,27.424855324074063
1.612471064814815,1016.0972222222222,0,2,7,7,84.90630497685187,2,93.54108796296292,0.1195833333333332,23.836892361111115,26.715075231481475
1.7777199074074077,1018.0975115740744,0,3,7,7,85.19182002314817,2,75.03385416666666,0.1195833333333332,23.905468749999983,26.710243055555555
0.8250000000000001,1018.1296296296296,0,4,7,7,80.35213831018517,2,143.32291666666669,0.1195833333333332,23.24409722222222,27.01996527777777
1.2194444444444448,1017.6834490740738,1,5,7,7,78.29339699074076,2,122.1400462962963,0.1195833333333332,23.028009259259264,27.24392361111111
1.2625868055555556,1019.0462962962964,1,6,7,7,75.3772482638889,2,137.09924768518522,0.1190625,22.98579282407408,27.913425925925925
1.887355324074074,1019.4730902777778,0,0,7,7,83.03413194444444,2,132.46556712962962,0.1170833333333334,24.139872685185196,27.369762731481487
1.192534722222222,1016.4505208333331,0,1,7,7,81.67262152777776,2,75.08159722222221,0.1170833333333334,24.40957754629629,27.99140625
1.2010127314814814,1015.2167245370372,0,2,7,7,79.24848090277777,2,90.52690972222224,0.1170833333333334,23.78350694444444,27.878501157407417
1.234490740740741,1017.111400462963,0,3,7,7,80.6692216435185,2,97.15972222222224,0.1170833333333334,24.099131944444448,27.903067129629623
1.1097222222222225,1018.063078703704,0,4,7,7,78.42594907407407,2,104.59866898148152,0.1170833333333334,24.38457754629631,28.61041666666667
1.2278356481481485,1016.9997106481484,1,5,7,7,77.38766203703703,2,119.94068287037038,0.1170833333333334,24.322569444444444,28.795949074074077
1.0835069444444452,1015.9713541666672,1,6,7,7,77.52232928240743,2,123.19560185185186,0.1170833333333334,24.390104166666656,28.84991319444443
1.3919270833333333,1016.4728009259262,0,0,7,7,78.81646122685187,2,87.23032407407408,0.1169675925925926,24.638541666666672,28.780121527777776
2.3459490740740736,1016.6484375,0,1,7,7,80.70669270833335,2,134.05931712962962,0.1165277777777777,24.81484375,28.51976273148148
2.5601273148148147,1014.9360532407408,0,2,7,7,85.6905150462963,2,92.82002314814814,0.1165277777777777,25.335474537037037,27.988078703703707
2.416435185185185,1013.642361111111,0,3,7,7,86.49196180555556,2,129.0743634259259,0.1165277777777777,25.396556712962965,27.88414351851852
3.0264756944444446,1013.5303819444443,0,4,7,7,89.97381655092595,2,91.8287037037037,0.1165277777777777,25.69519675925927,27.500810185185177
3.093431712962964,1012.636574074074,1,5,7,7,90.22820023148144,2,136.31336805555554,0.1165277777777777,26.27983217592593,28.05014467592593
4.05384837962963,1010.8070023148148,1,6,7,7,87.6062210648148,2,115.7633101851852,0.1165277777777777,26.3316261574074,28.64586226851852
3.8542534722222217,1008.6776620370372,0,0,7,7,89.47593749999999,2,132.70167824074076,0.1165277777777777,26.03041087962964,27.96559606481482
2.907783564814816,1011.3356481481486,0,1,7,7,85.93141493055555,2,92.91290509259257,0.1164988425925926,24.893171296296305,27.513165509259267
2.989207175925925,1012.7881944444443,0,2,7,7,85.8963917824074,2,115.29166666666669,0.116388888888889,25.331568287037044,27.989728009259263
2.8825231481481493,1014.2974537037036,0,3,7,7,88.23605902777778,2,108.06423611111111,0.116388888888889,25.67317708333332,27.837586805555546
1.477604166666666,1015.33130787037,0,4,7,7,80.13813946759258,2,82.29803240740742,0.116388888888889,24.60494791666668,28.454484953703712
0.7524016203703704,1015.2887731481484,1,5,7,7,76.62456018518516,2,93.98842592592597,0.116388888888889,23.50028935185186,28.15405092592593
1.18509837962963,1014.90625,1,6,7,7,84.96980902777779,2,73.07407407407409,0.116388888888889,24.614612268518503,27.480410879629627
2.6706307870370374,1016.082175925926,0,0,7,7,89.58635416666665,2,99.392650462963,0.116388888888889,24.630815972222223,26.52138310185185
2.111631944444445,1017.0112847222226,0,1,7,7,88.2970283564815,2,120.32262731481478,0.116388888888889,24.62343750000001,26.765914351851848
2.427488425925925,1016.347800925926,0,2,8,8,87.64747685185188,2,121.997974537037,0.1162731481481482,25.02821180555556,27.31232638888889
1.700636574074074,1016.6805555555557,0,3,8,8,88.5887297453704,2,89.17274305555554,0.1158333333333334,25.45729166666668,27.53888888888889
2.228616898148147,1017.509548611111,0,4,8,8,84.1036255787037,2,107.1495949074074,0.1158333333333334,24.50387731481481,27.60112847222223
3.059143518518519,1017.9441550925932,1,5,8,8,84.64758680555552,2,58.84693287037036,0.1158333333333334,24.77358217592592,27.802662037037027
2.5736979166666663,1018.8561921296296,1,6,8,8,86.5265625,2,65.10040509259258,0.1158333333333334,25.088802083333345,27.69563078703703
2.5449652777777785,1017.769675925926,0,0,8,8,83.66466435185184,2,58.02748842592593,0.1158333333333334,24.302025462962963,27.535503472222214
1.990219907407407,1016.554398148148,0,1,8,8,85.76717303240741,2,87.69618055555554,0.1158333333333334,25.036545138888897,27.785445601851865
1.904021990740741,1017.3486689814812,0,2,8,8,82.61239583333334,2,78.13686342592591,0.1158333333333334,24.63240740740741,27.993402777777774
1.7380787037037038,1017.605613425926,0,3,8,8,79.04127025462962,2,86.30555555555556,0.1156886574074073,24.14328703703704,28.18379629629631
2.465046296296296,1015.8532986111107,0,4,8,8,82.7789583333333,2,109.53935185185183,0.1151388888888887,24.80717592592593,28.05451388888889
2.395225694444445,1014.9704861111114,1,5,8,8,87.041796875,2,95.50925925925924,0.1151388888888887,25.37019675925927,27.753472222222214
2.1554687500000003,1016.0789930555552,1,6,8,8,85.22898726851854,2,98.92708333333331,0.1151388888888887,25.00234375,27.790509259259263
2.194704861111112,1016.3943865740742,0,0,8,8,86.47163194444448,2,116.4094328703704,0.1151388888888887,24.70483217592592,27.20755208333334
1.9006365740740727,1016.2057291666666,0,1,8,8,82.4297511574074,2,114.7259837962963,0.1151388888888887,24.166869212962965,27.494010416666665
1.4609953703703702,1017.0214120370368,0,2,8,8,79.92742187500001,2,70.0379050925926,0.1151388888888887,23.879021990740736,27.818344907407404
1.6288194444444446,1018.9351851851852,0,3,8,8,80.16053240740742,2,69.54976851851852,0.1151388888888887,24.175723379629627,28.130960648148147
1.5952546296296302,1019.7089120370374,0,4,8,8,81.66159143518519,2,67.27228009259258,0.115023148148148,24.617766203703702,28.256192129629625
1.1861979166666672,1017.4068287037036,1,5,8,8,77.82067997685186,2,72.37847222222223,0.1145833333333333,23.953327546296283,28.46553819444444
0.8215277777777774,1015.8368055555557,1,6,8,8,80.17449652777778,2,71.2864583333333,0.1145833333333333,24.345630787037035,28.182696759259255
1.2148726851851848,1017.0894097222222,0,0,8,8,79.93503761574074,2,72.33015046296298,0.1145833333333333,24.18428819444444,28.09936342592593
1.0704571759259258,1017.5277777777782,0,1,8,8,80.24934317129632,2,71.88773148148147,0.1145833333333333,24.3636863425926,28.19484953703704
1.622222222222222,1015.759259259259,0,2,8,8,80.53367766203704,2,106.3587962962963,0.1145833333333333,24.61206597222221,28.3224537037037
1.478269675925926,1013.565972222222,0,3,8,8,80.49759837962964,2,78.03848379629628,0.1145833333333333,24.863859953703702,28.62439236111112
1.1019386574074073,1014.1643518518516,0,4,8,8,79.4462818287037,2,68.14612268518518,0.1145833333333333,24.216782407407408,28.251273148148147
1.980729166666667,1017.086226851852,1,5,8,8,87.45964699074078,2,64.74508101851852,0.114380787037037,24.875868055555568,27.28781828703704
2.2278356481481483,1018.1284722222224,1,6,8,8,85.92307002314816,2,71.61226851851853,0.1136111111111111,24.55517939814816,27.29473379629629
2.634780092592592,1017.3353587962964,0,0,8,8,87.8094849537037,2,67.90451388888889,0.1136111111111111,25.003125,27.350202546296288
2.4247974537037043,1017.7476851851848,0,1,8,8,90.00343460648149,2,92.93836805555556,0.1136111111111111,25.20179398148147,27.092708333333334
1.8015625,1018.4079861111112,0,2,8,8,90.60800347222224,2,103.21093749999994,0.1136111111111111,24.33874421296297,26.05882523148149
2.6020254629629638,1016.765625,0,3,8,8,94.0523119212963,2,85.42361111111113,0.1136111111111111,24.82413194444445,25.874016203703704
2.8695891203703705,1015.7835648148152,0,4,8,8,90.59286747685184,2,64.45023148148148,0.1136111111111111,25.041059027777777,26.775173611111104
2.969155092592592,1016.0888310185186,1,5,9,9,89.97657696759258,3,73.11660879629629,0.1136111111111111,25.287586805555552,27.17508680555554
3.458420138888888,1016.3237847222222,1,6,9,9,91.85515625,3,75.94589120370371,0.1133506944444444,25.078645833333336,26.59458912037037
4.949131944444444,1016.1539351851852,0,0,9,9,94.45386863425924,3,104.33564814814817,0.112361111111111,24.77410300925925,25.74811921296296
3.643055555555557,1015.975405092593,0,1,9,9,93.49702256944448,3,99.65798611111111,0.112361111111111,25.53645833333334,26.71984953703705
2.8663773148148146,1016.0037615740742,0,2,9,9,90.37284432870366,3,110.0344328703704,0.112361111111111,25.495601851851852,27.334461805555563
2.84855324074074,1015.1793981481484,0,3,9,9,89.12572337962963,3,81.29108796296298,0.112361111111111,25.01799768518518,27.08637152777777
2.490306712962961,1013.9250578703708,0,4,9,9,88.36044270833334,3,60.71180555555555,0.112361111111111,24.04479166666667,26.2332175925926
1.429311342592592,1012.1935763888888,1,5,9,9,85.31085937500002,3,69.66087962962962,0.112361111111111,23.52430555555556,26.314641203703697
1.0263310185185188,1011.7358217592592,1,6,9,9,83.39,3,77.48784722222221,0.112361111111111,23.62607060185185,26.741840277777783
1.4433738425925924,1013.6241319444443,0,0,9,9,85.58827546296295,3,93.72627314814814,0.1120717592592592,24.512673611111115,27.18289930555555
1.4206307870370374,1014.4667245370368,0,1,9,9,84.4270196759259,3,128.1898148148148,0.1109722222222222,24.463657407407407,27.423032407407412
1.6447337962962958,1013.5827546296296,0,2,9,9,83.99712673611108,3,61.74594907407408,0.1109722222222222,24.848408564814807,27.927748842592592
1.251359953703704,1013.455150462963,0,3,9,9,84.59368634259258,3,55.24913194444444,0.1109722222222222,24.73408564814815,27.68660300925926
1.5362268518518516,1012.0416666666664,0,4,9,9,83.4495341435185,3,65.59548611111111,0.1109722222222222,25.036024305555543,28.17925347222223
2.5917824074074085,1010.0159143518516,1,5,9,9,86.44108506944441,3,53.440393518518526,0.1109722222222222,25.89895833333333,28.43689236111112
2.2882812499999994,1010.23119212963,1,6,9,9,85.05613715277775,3,56.92245370370369,0.1109722222222222,25.727604166666666,28.538802083333337
1.1741319444444442,1013.0017361111112,0,0,9,9,80.14947337962961,3,69.8370949074074,0.1109722222222222,24.89916087962963,28.77222222222221
0.9741030092592596,1012.902488425926,0,1,9,9,80.30359953703702,3,73.8810763888889,0.1107986111111111,24.652604166666663,28.535416666666663
0.9510127314814816,1012.9007523148148,0,2,9,9,78.09968171296295,3,66.28125,0.1101388888888888,24.38776041666665,28.71655092592592
1.8885416666666668,1014.8182870370376,0,3,9,9,83.13497974537036,3,62.58362268518518,0.1101388888888888,24.97589699074074,28.24626736111111
2.733622685185186,1015.9673032407408,0,4,9,9,88.8656221064815,3,63.62644675925927,0.1101388888888888,24.662094907407404,26.725289351851853
2.936631944444444,1014.7887731481484,1,5,9,9,86.87424189814813,3,92.50752314814817,0.1101388888888888,24.24699074074074,26.70413773148149
2.452604166666666,1013.8469328703708,1,6,9,9,89.30641203703703,3,66.11024305555554,0.1101388888888888,24.557378472222226,26.53087384259258
2.520630787037037,1014.9071180555552,0,0,9,9,88.08455729166663,3,45.66637731481482,0.1101388888888888,24.817274305555543,27.080526620370367
2.7418981481481466,1016.4131944444443,0,1,9,9,88.11102719907404,3,55.34519675925926,0.1101388888888888,24.91247106481482,27.160734953703717
1.5163773148148143,1016.1660879629628,0,2,9,9,85.32766203703706,3,54.23668981481483,0.1095023148148148,24.999189814814816,27.82743055555556
1.6523148148148143,1015.2549189814812,0,3,9,9,82.13791956018518,3,49.28385416666666,0.1070833333333333,24.14681712962963,27.69293981481482
1.6942418981481484,1016.4458912037044,0,4,9,9,84.44155960648148,3,48.22222222222222,0.1070833333333333,24.735069444444434,27.75034722222222
2.5265335648148164,1016.8663194444442,1,5,9,9,88.17958043981481,3,41.81105324074074,0.1070833333333333,25.00225694444445,27.236776620370375
3.4024016203703717,1017.3654513888893,1,6,9,9,87.36860821759258,3,45.18981481481482,0.1070833333333333,24.700954861111114,27.133420138888884
3.237297453703704,1017.5298032407404,0,0,10,10,88.45305844907405,3,99.96180555555554,0.1070833333333333,24.59461805555556,26.779774305555563
3.5792824074074083,1016.7841435185186,0,1,10,10,89.47658564814816,3,62.15393518518517,0.1070833333333333,24.551215277777786,26.50164930555556
3.532899305555555,1015.4733796296296,0,2,10,10,84.3559664351852,3,47.93229166666668,0.1070833333333333,23.029021990740745,26.024305555555557
3.6403645833333336,1015.2175925925928,0,3,10,10,86.63050636574074,3,58.06655092592593,0.1072280092592591,23.60925925925926,26.141377314814815
2.971498842592594,1015.0714699074072,0,4,10,10,85.44652777777776,3,48.47829861111109,0.1077777777777777,23.725115740740737,26.548755787037035
2.972019675925925,1015.7158564814814,1,5,10,10,86.1330179398148,3,53.69386574074076,0.1077777777777777,23.32364004629629,26.020978009259267
3.9635416666666656,1014.8113425925924,1,6,10,10,87.64988425925928,3,71.1707175925926,0.1077777777777777,23.589467592592587,25.94756944444445
4.598408564814814,1012.9276620370368,0,0,10,10,92.75956886574072,3,96.03067129629628,0.1077777777777777,24.352112268518518,25.660821759259253
4.966521990740741,1009.3611111111112,0,1,10,10,91.33163773148148,3,113.59751157407408,0.1077777777777777,25.133304398148145,26.73758680555555
6.107291666666664,1007.3153935185188,0,2,10,10,94.93097800925923,3,84.27083333333334,0.1077777777777777,26.03799189814816,26.93671875
2.9736400462962966,1009.0451388888888,0,3,10,10,92.11996527777778,3,89.94965277777776,0.1077777777777777,25.40387731481481,26.82115162037036
2.4370949074074075,1009.5625,0,4,10,10,81.00802083333335,3,39.02546296296296,0.1077199074074073,21.69053819444444,25.28842592592592
2.4346643518518523,1011.7239583333336,1,5,10,10,71.65449942129631,3,35.38859953703703,0.1074999999999999,17.753153935185193,23.464988425925927
2.379542824074074,1014.4487847222224,1,6,10,10,87.55460069444445,3,48.935763888888886,0.1074999999999999,23.74383680555555,26.123987268518523
2.2449942129629625,1016.7497106481484,0,0,10,10,86.56065682870371,3,41.75578703703704,0.1074999999999999,24.374479166666664,27.00005787037036
2.285966435185187,1016.9837962962964,0,1,10,10,86.06055555555554,3,38.81741898148149,0.1074999999999999,24.446846064814817,27.172887731481467
1.990596064814814,1018.1070601851852,0,2,10,10,84.5544097222222,3,43.66174768518518,0.1074999999999999,23.818952546296305,26.88738425925925
2.428674768518519,1019.4649884259262,0,3,10,10,85.14339409722221,3,40.91493055555555,0.1074999999999999,23.60581597222222,26.52346643518519
2.307841435185185,1018.921006944444,0,4,10,10,86.21324942129631,3,46.16579861111112,0.1074999999999999,23.64435763888889,26.334027777777766
2.088599537037037,1015.3570601851852,1,5,10,10,85.70098958333334,3,45.58825231481483,0.1066319444444444,23.322366898148147,26.045167824074078
3.684346064814815,1015.684895833333,1,6,10,10,76.78059317129629,3,38.16174768518519,0.1033333333333334,19.23029513888889,23.771759259259262
3.500752314814813,1018.3949652777776,0,0,10,10,75.01075810185188,3,48.18692129629631,0.1033333333333334,17.48938078703704,22.32398726851851
2.456510416666667,1017.1114004629632,0,1,10,10,76.0323263888889,3,55.22714120370372,0.1033333333333334,19.008101851851844,23.72508680555556
3.3822627314814824,1015.3463541666664,0,2,10,10,82.40783564814818,3,54.05729166666668,0.1033333333333334,20.453125,23.89114583333333
2.0746817129629638,1012.4149305555557,0,3,10,10,84.31412037037039,3,50.91579861111111,0.1033333333333334,21.212384259259256,24.174826388888885
4.015075231481481,1008.238136574074,0,4,10,10,86.70314236111109,3,72.99768518518516,0.1033333333333334,22.657291666666666,25.09253472222221
4.1117187500000005,1012.601851851852,1,5,10,10,77.05974537037038,3,84.8972800925926,0.1033333333333334,17.38521412037037,21.640075231481475
2.897685185185185,1019.1044560185186,1,6,10,10,69.16481481481479,3,33.866898148148145,0.1023495370370371,12.545659722222224,18.655381944444446
1.8020254629629624,1018.1782407407408,0,0,10,10,78.86918113425925,3,39.1322337962963,0.098611111111111,17.436892361111113,21.428124999999994
2.5076967592592587,1018.3790509259262,0,1,10,10,74.81376446759258,3,34.46961805555555,0.098611111111111,16.799884259259255,22.10538194444445
2.8950520833333333,1018.2092013888888,0,2,10,10,78.84282696759259,3,36.23234953703703,0.098611111111111,17.758362268518518,22.030034722222226
3.4793402777777787,1014.1087962962962,0,3,11,11,85.82098379629628,3,77.56423611111111,0.098611111111111,20.34259259259259,23.0371238425926
3.918721064814816,1011.8130787037036,0,4,11,11,92.54103298611112,3,52.77806712962962,0.098611111111111,21.97378472222222,23.285040509259257
4.316782407407408,1018.5902777777778,1,5,11,11,72.14152777777777,3,46.12355324074074,0.098611111111111,12.736921296296291,18.187008101851852
2.3982638888888888,1018.4412615740742,1,6,11,11,87.72185474537036,3,72.94097222222221,0.098611111111111,20.065914351851852,22.20859375000001
1.3420138888888893,1016.272569444444,0,0,11,11,85.96986979166667,3,83.18721064814814,0.0983217592592591,21.669097222222238,24.28171296296296
1.1768807870370368,1015.3457754629628,0,1,11,11,83.62327256944442,3,51.08217592592592,0.0972222222222222,21.10457175925927,24.21252893518519
1.2531539351851857,1015.0980902777776,0,2,11,11,84.35852719907409,3,38.41174768518518,0.0972222222222222,21.378414351851852,24.407146990740745
1.3421585648148149,1014.4479166666666,0,3,11,11,85.58666377314815,3,39.70283564814815,0.0972222222222222,21.733275462962965,24.532638888888908
1.648611111111112,1014.4759837962964,0,4,11,11,87.75102719907407,3,39.57060185185185,0.0972222222222222,22.18683449074074,24.548263888888894
2.5101273148148144,1016.0497685185184,1,5,11,11,86.21870370370372,3,44.79774305555555,0.0972222222222222,21.37144097222222,23.97022569444444
3.087615740740741,1017.8958333333334,1,6,11,11,78.81387152777778,3,44.76331018518519,0.0972222222222222,19.073177083333334,23.11545138888889
2.3732060185185184,1016.2390046296296,0,0,11,11,85.0361082175926,3,45.09519675925926,0.0972222222222222,21.716724537037027,24.549652777777776
2.089756944444445,1015.4354745370372,0,1,11,11,86.74879918981482,3,55.6440972222222,0.0980324074074074,22.50211226851852,25.00190972222222
2.089207175925926,1015.1087962962962,0,2,11,11,85.08004918981479,3,44.00405092592592,0.101111111111111,21.977748842592597,24.87662037037037
4.475954861111111,1015.2366898148148,0,3,11,11,84.71128472222222,3,58.72424768518518,0.101111111111111,16.910792824074075,19.620167824074077
4.012557870370372,1018.48119212963,0,4,11,11,71.35380208333332,3,28.80931712962963,0.101111111111111,8.346759259259262,13.693489583333337
2.6233796296296306,1019.4088541666669,1,5,11,11,71.79435474537038,3,29.927372685185187,0.101111111111111,10.078993055555555,15.66603009259259
2.28052662037037,1018.7543402777776,1,6,11,11,80.29207754629628,3,67.54050925925925,0.101111111111111,15.307378472222224,19.2396412037037
1.4375578703703706,1017.2173032407404,0,0,11,11,85.90373842592594,3,63.79745370370372,0.101111111111111,18.430642361111108,21.09736689814815
2.1077546296296306,1017.1134259259256,0,1,11,11,85.93184027777777,3,67.19097222222221,0.101111111111111,18.425578703703703,21.007118055555555
2.855005787037036,1019.6490162037038,0,2,11,11,77.0613628472222,3,35.41579861111111,0.1011979166666666,13.863917824074075,18.24076967592593
2.7981481481481487,1019.4059606481484,0,3,11,11,73.82280960648146,3,60.45167824074074,0.1015277777777777,12.123466435185188,17.018721064814816
2.0270543981481484,1014.9959490740742,0,4,11,11,80.4526302083333,3,34.46238425925926,0.1015277777777777,16.797424768518518,20.686313657407407
2.3633680555555565,1010.0630787037036,1,5,11,11,88.51245081018521,3,40.402488425925945,0.1015277777777777,19.796701388888888,21.933912037037043
1.8095486111111112,1012.1493055555558,1,6,11,11,81.76202546296294,3,39.86892361111111,0.1015277777777777,17.45853587962963,20.96183449074074
3.759664351851852,1012.2494212962964,0,0,11,11,90.79639756944444,3,76.6892361111111,0.1015277777777777,19.85824652777778,21.494126157407404
5.044994212962964,1015.1814236111114,0,1,11,11,67.66766782407409,3,35.848958333333336,0.1015277777777777,8.456857638888888,14.506828703703702
3.6369502314814817,1019.023726851852,0,2,11,11,57.70127604166667,3,58.29311342592592,0.1015277777777777,2.6851562500000004,10.950752314814814
2.5022858796296297,1020.4872685185186,0,3,11,11,52.11309895833335,3,76.92708333333333,0.1012962962962962,2.029542824074074,11.839236111111113
2.269589120370369,1018.2633101851852,0,4,11,11,68.68449652777778,3,55.19155092592593,0.1004166666666667,11.56304976851852,17.60089699074074
3.606452546296295,1013.6018518518518,1,5,12,12,87.887890625,0,62.91869212962964,0.1004166666666667,18.81247106481482,20.953125
4.079079861111112,1012.8362268518522,1,6,12,12,90.80802083333334,0,48.14496527777777,0.1004166666666667,21.593431712962968,23.30127314814815
3.5237268518518507,1013.5509259259258,0,0,12,12,93.52744212962962,0,57.641203703703695,0.1004166666666667,22.24429976851852,23.42986111111112
2.7862268518518523,1015.0894097222222,0,1,12,12,83.30171006944441,0,51.33564814814815,0.1004166666666667,17.832291666666674,20.961458333333333
4.915277777777776,1022.0425347222224,0,2,12,12,60.16481770833334,0,26.881655092592595,0.1004166666666667,5.191116898148147,13.113049768518522
2.806510416666667,1025.1536458333333,0,3,12,12,63.1998900462963,0,26.72743055555556,0.1004166666666667,5.138252314814815,12.407349537037035
2.4272569444444447,1024.806423611111,0,4,12,12,76.18861400462963,0,29.368634259259256,0.1001273148148148,11.33454861111111,15.96903935185185
2.5725405092592584,1020.0755208333336,1,5,12,12,82.02600405092593,0,57.85445601851851,0.0990277777777777,15.038657407407408,18.491059027777776
4.687152777777777,1013.1585648148148,1,6,12,12,91.01012442129633,0,43.05092592592592,0.0990277777777777,18.848929398148147,20.398553240740743
5.087152777777777,1017.7094907407404,0,0,12,12,75.24059606481485,0,58.02430555555557,0.0990277777777777,10.134924768518514,14.49444444444444
3.63671875,1023.7977430555557,0,1,12,12,75.18928240740743,0,39.15335648148149,0.0990277777777777,7.215943287037036,11.588599537037036
1.9579282407407417,1023.0034722222224,0,2,12,12,73.50553240740739,0,47.28443287037037,0.0990277777777777,7.259953703703702,12.479398148148148
3.2985532407407407,1018.0700231481484,0,3,12,12,76.51588541666668,0,64.7511574074074,0.0990277777777777,13.60118634259259,18.007407407407406
4.774479166666665,1013.6707175925928,0,4,12,12,91.56238715277776,0,20.257233796296298,0.0990277777777777,19.1935763888889,20.64311342592593
2.507638888888889,1016.4129050925924,1,5,12,12,94.30491030092594,0,46.10532407407408,0.0992592592592592,17.1964988425926,18.14311342592592
2.403269675925926,1018.5164930555557,1,6,12,12,87.6616232638889,0,49.04369212962962,0.1001388888888889,14.718663194444446,16.8814525462963
2.438368055555556,1019.171875,0,0,12,12,83.75852430555554,0,35.49450231481482,0.1001388888888889,11.068865740740742,13.930468749999996
1.594039351851852,1018.03443287037,0,1,12,12,73.0722395833333,0,28.838831018518523,0.1001388888888889,9.186487268518524,14.6285011574074
2.883796296296296,1015.3512731481482,0,2,12,12,82.51975405092594,0,39.78848379629631,0.1001388888888889,12.589872685185185,15.642418981481484
6.341927083333335,1004.3935185185186,0,3,12,12,95.9637702546296,0,22.545717592592595,0.1001388888888889,18.859693287037032,19.52259837962964
7.635706018518518,1006.7534722222218,0,4,12,12,74.67203993055556,0,54.08015046296296,0.1001388888888889,11.149623842592591,15.674565972222217
2.968344907407408,1019.105324074074,1,5,12,12,79.16426504629631,0,40.01099537037037,0.1001388888888889,9.052199074074077,12.635908564814818
1.6967592592592595,1023.0393518518514,1,6,12,12,77.793359375,0,33.54890046296297,0.1001388888888889,7.833969907407404,11.871846064814813
1.5736979166666665,1022.4267939814814,0,0,12,12,81.80608506944445,0,39.15972222222223,0.1001388888888889,11.46684027777778,14.654079861111104
2.247627314814816,1021.9230324074068,0,1,12,12,89.7708304398148,0,39.340567129629626,0.1001388888888889,13.824276620370368,15.65176504629629
4.243605324074074,1022.1186342592592,0,2,12,12,87.48996238425927,0,34.99652777777778,0.1001388888888889,14.611863425925929,16.859230324074073
3.871180555555556,1019.449363425926,0,3,12,12,89.7448929398148,0,67.71585648148148,0.1001388888888889,17.865885416666668,19.644357638888888
2.604600694444444,1018.2092013888888,0,4,12,12,95.94694444444444,0,67.21932870370371,0.1001388888888889,20.51643518518519,21.21278935185185
1.3799479166666668,1019.8153935185188,1,5,12,12,90.65330439814814,0,55.670428240740726,0.1001388888888889,19.984259259259257,21.69372106481481
1.4260127314814823,1019.3402777777774,1,6,12,12,89.19511284722223,0,35.56250000000001,0.1001388888888889,19.841435185185176,21.820862268518525
2.4754340277777778,1019.0679976851852,0,0,12,12,85.97821759259257,0,35.772858796296305,0.1002546296296296,17.38408564814815,19.946035879629623
