date,Temperature,Irradiation,Solar_Output_by_Panel,Predicted_Output
,25.18431613,0,0,3.173004223
,25.08458867,0,0,3.112405599
,24.9357526,0,0,3.021966515
,24.8461304,0,0,2.967508278
,24.62152536,0,0,2.831028761
,24.5360922,0,0,2.779115964
,24.63867387,0,0,2.84144892
,24.87302233,0,0,2.983848953
,24.93693047,0,0,3.022682236
,25.0122476,0,0,3.06844811
,25.00514933,0,0,3.064134903
,24.99301953,0,0,3.056764324
,25.01630943,0,0,3.070916248
,24.98521527,0,0,3.052022121
,24.93773193,0,0,3.023169241
,24.87909953,0,0,2.987541717
,24.6789022,0,0,2.865893356
,24.3519308,0,0,2.667211714
,24.0626222,0,0,2.491415582
,24.0132242,0,0,2.461399269
,24.1771058,0,0,2.560980655
,24.304888,0,0,2.638626521
,24.32872727,0,0,2.653112267
,24.28921113,0.862721241,0,3.043294553
,24.08844607,5.886957187,1.570248016,5.333445571
,24.01163527,22.28160747,10.23683532,13.15787201
,23.97673127,49.40972387,25.4519246,26.16091842
,24.21899,95.3944536,47.71098214,48.38547326
,24.5373984,141.9404433,68.90985715,70.92576176
,24.8159595,154.7126757,74.27368055,77.22699809
,24.98878987,148.7991533,72.69881944,74.49292481
,25.21618033,144.7934189,73.99315476,72.70793686
,25.41951307,201.6386213,108.058006,100.1229703
,25.95908213,345.7076533,169.8952619,169.6186265
,26.43078207,405.3485727,186.8826091,198.5389597
,26.8318298,312.4267953,154.1757738,154.1707474
,27.6209698,623.1526487,275.9981548,303.8302813
,27.98836207,344.8840357,164.7100298,170.4562825
,27.51672787,249.2484,127.5370833,124.2548637
,27.45010767,541.2059773,268.9500595,264.3837197
,28.63219187,670.675372,305.0436905,327.2604841
,28.76891273,572.2834767,264.5275893,280.1054426
,29.3514426,455.1483833,215.1727262,224.2226516
,28.85470787,361.961654,188.5385714,179.1817049
,29.41081933,636.5608813,322.9467262,311.3551852
,30.21606229,585.7872136,267.1687103,287.4679592
,30.2870728,557.0693833,259.0152679,273.7236283
,30.81104933,467.9868693,279.446994,231.2733497
,31.30537507,514.9625867,259.7028274,254.1268459
,31.50729773,787.8660287,349.2823314,385.2709567
,32.14768473,649.2476293,329.8075,319.1091499
,32.3914204,761.243312,349.0320635,373.0265747
,32.62279607,416.0351014,216.4039286,207.43211
,32.49706447,489.243946,249.5675893,242.503403
,32.5246214,574.561224,292.6224405,283.4811203
,32.67847087,560.985624,284.9509821,277.0569367
,33.7631854,735.0834633,370.7311905,361.3007286
,34.13076993,893.6614913,433.0221429,437.6576737
,34.08138427,466.788824,238.1698869,232.6853598
,33.69572221,542.1384957,267.8592163,268.6265228
,33.89057607,398.8885433,214.340625,199.9703746
,34.043744,447.2921487,238.7585714,223.3021004
,34.40285233,565.1963973,278.2438691,280.1263433
,34.43094267,346.2306933,179.2452679,175.0175994
,34.38115033,358.18237,181.8677976,180.7253641
,34.12625693,328.8961193,165.8216964,166.5101005
,34.35660993,344.954196,173.4660119,174.3595831
,33.86159653,260.346758,129.6286607,133.4386149
,33.44331357,166.8127414,83.1896131,88.27860551
,33.30025473,173.8986373,82.86443453,91.59362778
,33.0321222,87.16189,43.74805556,49.78823686
,32.31187113,38.4030336,18.98541667,25.94137066
,31.13241364,22.54493643,10.84166667,17.61118259
,29.24311093,9.14994484,3.665363095,10.03220381
,28.495518,1.841024544,0,6.068909486
,27.8840638,0,0,4.813485007
,27.4559754,0,0,4.553360403
,27.0975484,0,0,4.335565009
,27.01870113,0.12538276,0,4.347850557
,23.78723747,0.100219904,0,2.372195928
,22.66317964,0,0,1.641055138
,23.41209707,0,0,2.096129017
,22.30098867,0,0,1.420972593
,22.0374816,0,0,1.260854562
,22.16851807,0,0,1.340477858
,22.1193604,0,0,1.310607582
,22.22125033,0,0,1.372520211
,22.23682847,0,0,1.381986144
,22.22185843,0,0,1.372889716
,22.14931253,0,0,1.328807764
,22.10471387,0,0,1.301707729
,22.05707993,0,0,1.272763338
,22.23601831,0,0,1.381493857
,21.68216,0,0,1.044946141
,21.6884114,0,0,1.048744756
,21.51040853,0,0,0.940582691
,21.496287,0,0,0.93200185
,21.6459126,0,0,1.022920689
,21.6743142,0,0,1.040178701
,21.73142093,0,0,1.074879166
,21.78016573,0,0,1.104498566
,21.85855536,0,0,1.152131415
,21.89991073,0,0,1.177260689
,21.92704853,0,0,1.193750764
,22.0286844,0,0,1.255509012
,21.93278,0,0,1.197233445
,21.86625167,0,0,1.156808018
,21.87658507,0,0,1.163087028
,21.95998927,0.147169464,0,1.284423259
,21.9232375,6.205959379,1.885089286,4.170926839
,21.8604004,23.63373687,12.45889881,12.49985045
,21.98583367,49.51496813,25.88571429,25.00169285
,22.13967073,79.26964347,41.39559524,39.38044179
,22.45271393,109.0379683,56.92160714,53.86248427
,22.6524518,138.1154517,72.24675595,67.94400343
,22.97513853,174.1175247,90.73997024,85.42473898
,23.38855407,243.6428057,125.5792857,119.0551553
,23.8905234,298.0529893,153.8977381,145.4825962
,24.42785433,338.6504113,175.3921726,165.2999937
,25.16689847,427.5489527,217.5993155,208.4294114
,25.75717567,470.0814853,237.4783631,229.2080312
,25.99942227,461.1857687,234.9271726,225.0843815
,26.29700733,419.58991,212.6752381,205.2949632
,26.59366867,420.493884,216.2990179,205.9092266
,27.03096947,540.5936787,268.5803869,263.835068
,27.61135453,491.453022,269.3669345,240.5952203
,27.93121329,469.7288307,261.6467262,230.3597583
,28.2829874,654.436842,344.7884822,319.2521464
,28.78232633,595.5213747,305.1590476,291.2701482
,29.1554974,575.2638967,295.5739583,281.7712525
,29.3643758,542.3748747,278.9139286,266.1080996
,29.6892496,493.4305533,262.7247917,242.8072534
,29.8473918,622.78731,324.9483631,305.0077497
,30.08986207,662.004302,330.6963988,323.9832305
,30.37689871,540.4251286,274.8972619,265.7872748
,30.8864686,767.11941,381.1292559,374.9332272
,31.2210448,812.2406413,409.006994,396.799311
,31.31397713,636.164586,318.9758631,312.3213622
,31.66299653,733.2435987,389.638631,359.1412429
,31.61725667,583.8647387,309.3280655,287.3964006
,31.3661072,502.392484,258.9330952,248.1288213
,31.42362873,435.684946,230.5066964,216.1373696
,31.98976833,595.9771373,313.0741369,293.437938
,32.24326421,534.5009864,273.1635714,264.0771665
,32.3501976,514.9644067,267.4812202,254.7625981
,32.43687973,503.6263827,262.9350893,249.3718649
,32.52414947,419.735824,217.6403571,209.1488915
,32.3280254,349.962358,185.6114881,175.5313566
,32.10339147,261.408532,141.4591071,132.8800147
,32.02910173,227.6812527,123.8147024,116.642348
,31.9597596,191.869824,104.4874405,99.40708405
,31.90710457,175.5969836,95.320625,91.56246982
,31.88745533,150.128168,81.17958334,79.32290775
,31.74708247,133.7432077,72.09428571,71.37116353
,31.54080187,109.053603,58.75026786,59.39229683
,31.30016687,79.58731113,43.13630953,45.0992592
,31.0485982,50.45076367,27.55651786,30.95788866
,30.31168413,26.21286333,14.37723214,18.8734507
,29.54822573,8.812281213,4.617113095,10.05549157
,28.97306333,0.359449673,0,5.647779559
,28.6859842,0,0,5.300765735
,28.31019579,0,0,5.072420812
,27.9578898,0,0,4.858344805
,27.57085773,0,0,4.623167764
,27.256431,0,0,4.432108792
,26.9411986,0,0,4.240560263
,26.70199373,0,0,4.095209276
,26.483793,0,0,3.962621288
,26.31202486,0,0,3.858247705
,26.0082478,0,0,3.673659926
,25.61655473,0,0,3.435650664
,25.28644193,0,0,3.235060175
,25.1239094,0,0,3.136298539
,25.0534728,0,0,3.093498283
,24.8400106,0,0,2.963789629
,24.61206653,0,0,2.82528118
,24.49298086,0,0,2.75291969
,24.46162507,0,0,2.733866587
,24.39256807,0,0,2.691904635
,24.3780212,0,0,2.683065344
,24.2493468,0,0,2.60487734
,24.17016593,0,0,2.556763699
,24.01153147,0,0,2.460370693
,23.8949484,0,0,2.389529894
,23.936809,0,0,2.414966164
,23.87931507,0,0,2.38003042
,23.75795087,0,0,2.306284403
,23.73213194,0,0,2.29059573
,23.72653607,0,0,2.287195443
,23.5248778,0,0,2.164659357
,23.45815413,0,0,2.124115237
,23.3887412,0,0,2.081937005
,23.26528493,0,0,2.006919757
,23.3172954,0,0,2.038523517
,23.2138916,0,0,1.975690998
,22.9518738,0,0,1.816477909
,22.941931,0,0,1.810436243
,22.86391193,0,0,1.763028561
,22.82215787,0,0,1.737657025
,22.8671814,0,0,1.765015227
,22.74696047,0,0,1.691963907
,22.56799927,0,0,1.583219518
,22.57251407,0,0,1.585962905
,22.5491474,0,0,1.571764327
,22.5879394,0.333454882,0,1.755428251
,22.69311313,4.78462602,0.056458333,3.956351211
,22.79481627,12.34970753,4.477202381,7.650159038
,22.68567307,34.1808814,16.60392857,18.06502331
,22.94856573,67.9046076,32.33035714,34.41558722
,23.29249893,106.9960559,51.81505953,53.39244746
,23.61099233,196.4333967,90.01294643,96.52499933
,23.90845814,221.9224921,104.473244,108.9431109
,24.33187667,322.4647547,157.3211905,157.4709118
,25.0617614,378.702412,185.7837798,184.9142171
,25.64680373,383.5502693,189.3136309,187.5971782
,26.14622593,416.9753467,205.0231548,203.9480857
,27.0309326,561.811632,274.6686012,274.0218217
,27.683191,576.0844593,282.5472917,281.2705705
,27.98594029,441.7064293,238.0808036,216.9394093
,28.59910273,626.964662,305.9847024,306.2547904
,29.23562,772.3580713,378.8326488,376.4451922
,30.09131267,753.5374447,360.5902678,367.9293319
,30.02618813,717.5451687,355.5472619,350.6098055
,30.15890107,685.881602,375.2674107,335.4887145
,31.06742553,855.1090753,420.8455357,417.2871747
,31.16485807,812.3890527,405.1746429,396.8364221
,31.53113,997.903636,462.0732441,486.1248564
,32.31780807,977.45754,448.0647024,476.7866692
,32.5278644,869.908956,394.0344345,425.2800473
,32.49596767,635.450962,299.3355655,312.6969775
,32.98554907,783.5893887,387.5434821,384.1159825
,33.10833713,669.6705127,306.0870536,329.4979445
,33.6491878,837.1243527,384.1164286,410.2214661
,33.88692627,422.4988753,215.3681548,211.303518
,33.05344033,451.771234,236.6271726,224.8507667
,33.727413,742.8897427,375.4268155,365.0268
,34.05229864,625.0849943,311.494256,308.665951
,34.48483913,697.7725753,325.7087798,343.8262141
,34.30416453,431.1784307,211.8142857,215.7241191
,34.02411533,315.0899027,145.7782143,159.8196465
,34.14708273,659.827118,349.6346131,325.4032994
,35.10977173,683.6362013,339.6661012,337.419052
,35.25248613,510.2416727,262.3792559,254.2587585
,34.98165257,590.9004857,290.449881,292.8186241
,34.6127872,289.312882,154.1977083,147.8017563
,34.737508,453.3658827,233.5519643,226.639671
,31.03193886,338.4331157,171.514246,169.2085905
,29.56562293,291.3128867,155.2002976,145.6950916
,29.36376953,257.869254,136.5037798,129.5160911
,28.75074867,141.0015503,74.72633929,73.03520727
,28.2966472,117.0341707,61.20056548,61.25249567
,27.60173907,94.51284171,50.24130953,50.01771118
,26.7289,61.72293633,32.06386905,33.74484704
,26.35418707,23.62554777,11.63877976,15.22653355
,26.1361226,10.36778803,4.799494048,8.728955004
,26.14108673,0.837120409,0,4.156281431
,25.9966144,0,0,3.666590981
,25.8602378,0,0,3.583722795
,25.98387433,0,0,3.658849578
,25.90812167,0,0,3.612819056
,25.81638657,0,0,3.557076935
,25.67117727,0,0,3.468841624
,25.50143227,0,0,3.365697388
,25.29024047,0,0,3.237368324
,25.28608,0,0,3.234840249
,25.3820984,0,0,3.293185087
,22.50401007,0,0,1.544336976
,21.50778593,0,0,0.938989088
,21.29480636,0,0,0.809573696
,21.23754673,0,0,0.774780329
,21.26081347,0,0,0.788918179
,21.314433,0,0,0.821499674
,21.31589153,0,0,0.82238594
,21.2205322,0,0,0.764441579
,21.21657507,0,0,0.762037058
,21.273112,0,0,0.796391288
,21.20941829,0,0,0.757688295
,21.1556906,0,0,0.725041083
,21.0414368,0,0,0.655615645
,21.14206753,0,0,0.716763131
,21.13725773,0,0,0.713840494
,21.07079267,0,0,0.67345351
,20.98966467,0,0,0.624156709
,20.983842,0,0,0.62061861
,21.02700587,0,0,0.6468468
,20.96934314,0,0,0.611808492
,21.00723073,0,0,0.634830593
,21.13065793,0,0,0.709830176
,21.2112,0,0,0.75877094
,21.25834353,0,0,0.787417343
,21.35109453,0,0,0.843776771
,21.37037567,0,0,0.855492803
,21.3891804,0,0,0.866919353
,21.4589906,0,0,0.909338981
,21.18773193,0,0,0.744510751
,21.03696543,0,0,0.652898651
,20.96152547,0,0,0.607058141
,21.00024833,0,0,0.630587792
,21.12766127,0,0,0.708009275
,21.19439307,0,0,0.748558337
,21.26538713,0.519965663,0,1.041333746
,21.30836173,8.59414896,2.65235119,4.94387628
,21.43149827,28.36682893,14.05032738,14.51159706
,21.61032329,53.95613571,27.38717262,26.9057291
,21.6726298,80.55022753,42.00419643,39.7114586
,21.8345074,117.5455727,61.81247024,57.57135139
,22.19873053,187.030046,97.76595238,91.15228447
,22.69612427,244.6230293,126.526875,119.1050127
,23.10963947,119.259876,65.01681548,59.16921552
,23.23228947,82.95580393,46.57119048,41.81409512
,23.33721907,89.74817833,50.63092262,45.13888546
,23.50864867,118.0922947,66.80779762,58.85111256
,23.5459355,124.6440646,70.55857143,62.0192857
,23.7412598,115.4349828,64.98842262,57.7166769
,23.763322,110.4082979,63.01184524,55.3167627
,23.76201373,96.3806904,54.74122024,48.58128916
,23.76213573,99.2951618,56.02991071,49.98060605
,23.8746256,112.813087,64.19285714,56.53893889
,23.838385,142.2467351,81.15440476,70.64806286
,24.00694767,208.88875,117.5249107,102.7454352
,24.32454136,374.390925,206.8997619,182.3962987
,24.86980793,434.9046853,235.3685119,211.7803866
,25.1295838,484.7505873,260.7676488,235.8693411
,25.28966667,351.4650547,191.1919048,171.9759997
,25.21516727,414.8831933,226.7655357,202.3778886
,25.70663053,562.3129907,299.8820238,273.4578229
,26.31050207,603.2151687,314.8595833,293.4619671
,26.84059667,593.2437233,310.8833631,288.9967669
,26.93235467,551.1298453,291.4198512,268.8335773
,27.01900433,567.3698247,295.608125,276.6830714
,27.12312521,722.8268243,360.3300298,351.3815138
,27.371873,806.846928,415.2810417,391.8708604
,27.86127913,971.48052,471.7641667,471.2091163
,28.36710007,723.5532207,351.7104167,352.4861497
,27.71798707,344.136892,181.8208333,169.9332862
,27.39025473,453.461884,241.5569345,222.2212598
,27.21775093,438.6813753,232.369256,215.0202914
,27.2929586,547.869178,286.3172917,267.4872435
,27.22515273,555.787044,291.007619,271.2474229
,27.56823729,525.08064,276.0502976,256.713698
,27.81418253,496.169466,257.7293155,242.9828401
,27.82351667,412.7974533,217.0291071,202.9614646
,27.47942707,299.364092,155.7521726,148.2928284
,27.23083093,256.8065713,135.8461905,127.7098317
,27.04886893,197.1915987,106.220625,98.97801254
,26.624064,149.2800747,81.45684524,75.71747765
,26.43403727,110.9690122,60.90797619,57.20880209
,26.11982736,77.58045121,42.03074405,40.98796905
,25.6725036,50.9663638,26.95410714,27.93868688
,25.25038867,30.79015627,15.59988095,17.99555991
,24.9734254,13.90736415,6.075059524,9.721807656
,24.74629313,1.918099858,0.029791667,3.827725991
,24.62904473,0,0,2.835597852
,24.54129027,0,0,2.782274529
,24.49840287,0,0,2.756214332
,24.46612553,0,0,2.736601261
,24.412616,0,0,2.704086607
,24.3377575,0,0,2.658599418
,24.16977133,0,0,2.556523923
,24.05134873,0,0,2.484565347
,23.8982564,0,0,2.391539975
,23.72655033,0,0,2.287204112
,23.63282467,0,0,2.230252435
,23.64455967,0,0,2.237383117
,23.30395107,0,0,2.030414936
,23.08884287,0,0,1.899706103
,22.91332114,0,0,1.793051685
,22.8502136,0,0,1.754704875
,22.8157798,0,0,1.733781443
,22.78746947,0,0,1.716578888
,22.8566712,0,0,1.758628785
,22.75057587,0,0,1.694160777
,22.62100427,0,0,1.615427597
,22.6109822,0,0,1.609337765
,22.54899814,0,0,1.571673632
,22.55304973,0,0,1.57413555
,22.56621713,0,0,1.582136619
,22.6252198,0,0,1.617989133
,22.59546307,0,0,1.599907684
,22.5935506,0,0,1.598745588
,22.701711,0,0,1.664468419
,22.759263,0,0,1.699439446
,22.81407379,0,0,1.732744796
,22.8776184,0,0,1.77135719
,22.93003147,0,0,1.803205584
,22.95343633,0,0,1.81742737
,23.00230913,0,0,1.847124549
,23.0468344,0,0,1.874179983
,23.070223,0,0,1.888391885
,23.08274327,0,0,1.895999728
,23.19221279,0,0,1.962518034
,23.21819867,0,0,1.978308154
,23.2693624,0,0,2.009397401
,23.35167647,0,0,2.059414906
,23.34258833,0,0,2.053892573
,23.19291173,0,0,1.962942744
,23.14720047,0.318317817,0,2.087991581
,23.2813864,4.31375216,0,4.087743557
,23.34448021,9.6971221,3.524464286,6.710647234
,23.42726453,12.65007333,6.397470238,8.178667475
,23.5877664,46.75224233,26.57098214,24.64870545
,24.034554,172.0124637,90.24428571,85.05784117
,24.50535293,187.5066193,96.97970238,92.7826894
,24.80741787,188.65498,97.6203869,93.51756676
,25.04675513,235.1156387,119.9373512,115.9688407
,25.17937227,131.2115527,67.94925596,66.1648933
,25.18879693,194.0915443,99.01613095,96.35941271
,25.61507167,297.7888,155.0612202,146.4036669
,25.79166053,273.5150473,145.946994,134.8570992
,26.1215332,386.892012,204.3383929,189.4900204
,26.49552187,424.1181027,226.0935417,207.5895821
,27.32275993,646.5474887,306.1974107,314.8809795
,27.51964327,526.1106153,256.4982738,257.1786631
,27.60525313,492.1659633,237.2384524,240.9337972
,27.712921,592.4935807,287.2253869,289.1666832
,27.89099327,511.0362213,255.9650595,250.1670685
,27.81567373,601.559176,305.9130655,293.5815281
,28.1994974,813.000858,379.766756,395.3282724
,28.47857053,499.473274,264.8708036,244.9727143
,28.08173375,283.390025,148.5270833,140.9896383
,29.64466367,738.32813,361.5038889,360.3559108
,29.9514374,835.832152,420.0716667,407.3541689
,30.1058454,701.9433013,359.707381,343.1677252
,29.9082072,547.3548467,282.6725,268.8294477
,29.60315553,530.6936493,279.3035714,260.6450158
,29.98547573,721.258494,369.1858333,352.3678409
,29.9116638,644.8023653,331.2635714,315.6162702
,30.11147636,682.4211164,349.5560417,333.7985121
,30.29932047,730.578768,372.3219047,357.0332259
,30.368632,702.796554,354.739256,343.7370535
,30.22064013,527.470392,270.3216071,259.4727341
,30.03545133,432.4710653,221.7450893,213.7508647
,29.78514187,450.0676047,239.0347917,222.046895
,29.76168613,379.8659047,199.4001786,188.3286849
,29.7693278,461.5756147,238.4198512,227.5623012
,29.91129607,390.4150371,194.0309226,193.4842509
,29.6577312,328.6678413,138.168125,163.6852388
,29.37371827,263.9367407,111.6140476,132.4351472
,29.09653113,189.260894,80.05125,96.41471362
,28.59915553,127.8067491,54.66357143,66.60824602
,28.11065073,87.22808,37.51270833,46.82952073
,27.6489196,37.7508244,16.05785714,22.79483747
,25.0463766,1.575293843,0.03,3.845487628
,23.2004924,0.328633651,0,2.125326661
,22.54317143,0,0,1.568133075
,22.47501213,0.015969892,0,1.534383779
,22.45028487,0,0,1.511691274
,22.51024367,0,0,1.548124775
,22.54768473,0,0,1.570875549
,22.49002507,0,0,1.535839099
,22.38878387,0,0,1.474320667
,22.85917553,0,0,1.760150524
,23.40488067,0,0,2.091744027
,23.8672628,0,0,2.372706953
,24.02257421,0,0,2.467080733
,24.0037862,0,0,2.455664341
,23.94289547,0,0,2.418664558
,23.8231872,0,0,2.345924756
,23.6713298,0,0,2.253649782
,23.7010498,0,0,2.27170891
,23.56072993,0,0,2.186444628
,23.3931456,0,0,2.084613305
,23.23081673,0,0,1.985975424
,22.91665021,0,0,1.79507457
,22.7879172,0,0,1.716850949
,22.63849287,0,0,1.626054409
,22.46528513,0,0,1.52080607
,22.2552064,0,0,1.393153353
,22.21713867,0,0,1.370021789
,22.22257087,0,0,1.373322623
,22.19119053,0,0,1.354254606
,22.18174964,0,0,1.348517922
,22.11587533,0,0,1.308489908
,22.15591827,0,0,1.332821687
,22.17514033,0,0,1.344501827
,21.9675416,0,0,1.218356062
,21.9609742,0,0,1.214365432
,21.9418578,0,0,1.2027495
,21.921218,0,0,1.190207885
,22.00941686,0,0,1.243801238
,22.00979013,0,0,1.244028057
,22.108852,0,0,1.304222234
,22.13360207,0,0,1.31926142
,22.15695393,0,0,1.333451001
,22.11961067,0,0,1.310759654
,22.07885747,0,0,1.285996288
,21.985909,0,0,1.229516871
,22.0098816,0,0,1.244083636
,21.88361693,0,0,1.167359885
,21.50681967,0.014736836,0,0.945477124
,21.3480144,9.011726093,3.709761905,5.16845042
,21.70994887,32.10555473,15.81758929,16.47576413
,21.99652107,51.03810273,25.98133929,25.73944652
,22.1559958,71.39163547,35.43726191,35.60811634
,22.4990804,132.0388563,59.53583334,64.93342457
,22.93633213,198.9128933,92.06267857,97.30545791
,23.43454843,264.0124179,125.7942857,128.8625894
,23.92114047,325.195026,157.5477083,158.5321392
,24.47114867,390.5848053,191.4068155,190.2600934
,25.12465207,437.9202793,216.604375,213.3830326
,25.5624634,498.367802,248.7125298,242.6700253
,26.21255687,510.4697813,256.1602083,248.8752308
,26.4731404,575.0738047,288.4754762,280.0500756
,26.9201314,610.2461507,308.3380655,297.2079903
,27.20111693,637.4122793,319.8303869,310.4212343
,27.84349714,700.1427807,350.3773214,340.9285937
,28.0775878,751.6814453,373.9916369,365.814639
,28.2830628,809.6695787,402.526131,393.7796973
,28.75250447,809.1504293,400.8705952,393.8157054
,28.98598433,814.81982,404.4340178,396.6794619
,29.31593827,848.8509207,421.8725,413.2183461
,29.73526193,900.0696607,443.1306845,438.0633505
,29.88298327,938.59401,459.8697024,456.6487189
,30.19451907,912.9294213,448.4886012,444.5164078
,30.52134807,966.1854567,464.0527381,470.2833175
,30.92911621,975.1613036,470.3346428,474.8404143
,31.2991598,967.8900893,468.0730655,471.5743459
,31.34249067,966.9222093,465.7904167,471.1359947
,31.39369707,897.80282,423.9025595,437.9827716
,31.52517982,902.4616809,446.1232778,440.2993933
,29.3095095,136.164155,67.79166667,71.05229214
,28.99113573,111.9324913,56.84321428,59.22517119
,28.52429807,60.13206127,30.36654762,34.07202492
,27.9674928,26.35290647,13.19166667,17.51625592
,27.51042893,4.733931834,1.864315476,6.859217524
,27.11209979,0.099200957,0,4.392033597
,26.715222,0,0,4.10324733
,26.32090453,0,0,3.863643371
,26.05849193,0,0,3.704190385
,25.84102367,0,0,3.572047475
,25.68150633,0,0,3.475118002
,25.51622313,0,0,3.374684944
,25.28251947,0,0,3.232676719
,25.09930633,0,0,3.121348675
,24.91609843,0,0,3.010023809
,24.82086373,0,0,2.952155184
,24.7004862,0,0,2.879008707
,24.49919564,0,0,2.756696057
,24.3762818,0,0,2.682008411
,24.23611047,0,0,2.596834385
,24.14549036,0,0,2.541769776
,24.003129,0,0,2.455264999
,23.53055364,322.3960491,127.1630833,156.9510084
,23.96825553,364.6781813,157.2363889,177.5166994
,24.44770507,396.035358,209.0278571,192.8626679
,25.05856327,454.0012587,237.6222619,221.0633802
,25.4833456,558.3109087,275.3123512,271.4007391
,26.1862182,630.2828367,300.0735417,306.3816812
,26.82428843,676.4482221,320.8285714,328.9334809
,27.48974807,732.5971327,360.3105655,356.2950313
,27.690804,772.2379753,366.7640774,375.4488384
,28.20780033,700.56636,223.2955079,341.3533209
,28.12987687,504.3223273,260.355119,247.0888721
,28.65709027,815.4269713,352.9599405,396.7711064
,28.85416453,754.716712,387.0933036,367.7437566
,29.207837,723.5343293,379.1723809,352.9879472
,29.59773043,1038.991363,469.9249107,504.6763298
,30.12836307,1033.489497,457.9947024,502.3573091
,30.49429113,887.761896,435.2129762,432.6155896
,30.6761354,892.777234,393.0687797,435.1339583
,30.80462447,887.9575373,410.1504762,432.898089
,30.550409,580.1343633,290.0340179,284.9571792
,30.86417447,746.6439013,366.4208333,365.0893533
,31.3942708,800.4696067,370.7036845,391.2532764
,31.3498148,961.8199573,471.2871528,468.6908451
,31.72367836,776.4669536,390.0562798,379.9297231
,31.688391,861.2832687,396.2984524,420.6287404
,32.05471387,741.254446,368.1782738,363.2252885
,31.86826353,632.901332,301.0722619,311.0914762
,31.819928,458.560692,259.3165774,227.360863
,31.7245952,613.399808,303.8594048,301.6414619
,32.33336767,740.9205247,366.2019345,363.2342941
,31.9338582,355.9129373,189.3932639,178.1487274
,32.07216543,563.5443571,272.9193452,277.9169721
,32.14568913,374.2929607,195.4562202,187.1017258
,31.60037027,273.557416,144.3543155,138.407058
,31.0340474,239.6828633,124.3128274,121.799705
,30.70997933,301.5704807,159.0378571,151.3151395
,30.43691007,165.2971236,90.49113095,85.72413693
,29.904103,70.5414855,39.06288691,39.90803527
,29.53365073,50.0169534,27.83377976,29.82906949
,29.03817547,39.089017,21.60089286,24.28147663
,28.65878113,29.37194447,15.98678571,19.38575729
,27.72775867,21.2870692,11.3414881,14.93846611
,27.694161,10.05088592,2.993779762,9.523539736
,27.57802327,1.567845991,0,5.380247414
,27.19961753,0,0,4.397586528
,26.84853057,0,0,4.184251252
,26.45617473,0,0,3.945839262
,26.02302247,0,0,3.682637638
,25.76652013,0,0,3.526775979
,25.5864014,0,0,3.417328225
,25.35796507,0,0,3.278520654
,25.09846373,0,0,3.120836676
,24.8719178,0,0,2.983177792
,24.68032427,0,0,2.866757464
,24.47877936,0,0,2.744290259
,24.40639247,0,0,2.700304925
,24.36970013,0,0,2.678009112
,24.26367993,0,0,2.613586758
,24.19905,0,0,2.574314879
,24.08873487,0,0,2.507282741
,24.00257387,0,0,2.454927676
,23.97832627,0,0,2.44019381
,23.92238064,0,0,2.406198884
,23.8922364,0,0,2.387881968
,23.85680547,0,0,2.366352636
,23.76059347,0,0,2.307890158
,23.6751994,0,0,2.256001114
,23.59409387,0,0,2.206717964
,23.48329067,0,0,2.139389257
,23.470836,0,0,2.131821275
,23.52625707,0,0,2.165497458
,23.54151807,0,0,2.174770686
,23.4903992,0,0,2.143708702
,23.44186193,0,0,2.114215408
,23.4516622,0,0,2.120170464
,23.41087033,0,0,2.095383602
,23.41301193,0,0,2.096684925
,23.29720867,0,0,2.026317969
,23.0816204,0,0,1.895317427
,23.0801798,0,0,1.894442057
,23.0092528,0,0,1.851343814
,22.94258413,0,0,1.810833115
,23.02390747,0,0,1.860248609
,22.98033653,0,0,1.833773069
,22.94142586,0,0,1.810129297
,22.9109844,0,0,1.791631781
,22.85801793,0,0,1.759447118
,22.8197834,0,0,1.736214199
,22.80285227,1.067307049,0,2.238342085
,22.81552327,16.85485583,8.094047619,9.825670966
,22.98163453,40.36072073,20.89321429,21.21181355
,23.218327,64.66108213,32.8428869,33.02228339
,23.36693664,85.89860493,43.56708333,43.30875628
,23.4338724,110.8917472,58.84574405,55.34868006
,23.82504073,279.0037753,129.6898214,136.2972456
,24.3803284,355.9949987,165.5934524,173.5982812
,24.82963867,345.4415427,160.4990476,168.8045687
,25.08896267,392.9178907,184.3958929,191.7556216
,25.26090907,358.5062727,172.7209345,175.3390263
,25.14924186,188.4618071,95.80369048,93.63253085
,25.3127442,267.0940773,141.4791468,131.4833706
,25.96112293,373.00119,187.213619,182.7235407
,26.40590207,386.0812567,207.4190179,189.2735699
,26.92924807,438.5864393,235.5199405,214.7994059
,27.16653653,375.9219507,197.3694048,184.8582632
,27.58566273,542.6874133,252.4121726,265.1773287
,27.87740473,638.54485,345.9180357,311.3759244
,28.15413336,415.6516443,208.9176488,204.5326633
,28.06948847,709.1465493,309.2419643,345.3886405
,28.88009853,608.488516,296.2409821,297.5551057
,28.86033333,553.059376,281.8533452,270.9314696
,29.77494913,999.309628,466.6149901,485.7327459
,30.58406567,1047.774983,459.2609226,509.4926998
,30.82483571,1031.860682,473.044375,501.9985187
,30.75217287,811.7554567,369.0822322,396.2814666
,30.91771053,762.4467327,346.3069643,372.7088507
,31.41328527,917.253122,414.7477976,447.3327978
,31.3189554,814.843908,391.6893651,398.1086384
,31.90281767,825.6647073,410.4484226,403.6585023
,31.85407093,814.901278,401.3174703,398.4613407
,31.63322353,693.0570187,330.0999702,339.829505
,31.88224814,760.5472914,363.545744,372.3830195
,32.30898653,606.5786867,308.0234821,298.7217306
,32.15423573,809.865482,397.4479762,396.2260391
,32.80111693,779.8724033,383.9638393,382.2193826
,33.00463247,727.9374373,351.6469345,357.4089803
,32.5740844,468.398362,237.1543452,232.5422026
,32.31323667,346.5496533,156.7150893,173.883925
,32.0070125,318.0874907,166.8982143,160.0331168
,31.29693813,223.404308,116.8530655,114.144086
,30.79741013,195.134252,101.8042262,100.2680489
,30.2077474,156.2854073,81.72979167,81.25834746
,29.84666753,135.8759987,70.75005952,71.24034771
,29.57108153,113.2172195,59.04002976,60.19437097
,29.30183307,83.77329493,43.83526786,45.89468518
,29.1003866,56.0736594,29.37892857,32.47363491
,28.82632671,36.90358857,18.78223214,23.10352041
,28.51060993,21.40363187,10.32955357,15.47012156
,28.18459053,9.992764407,4.098452381,9.793641209
,28.03802473,2.002581397,0,5.868480966
,27.85752767,0.027608272,0,4.810615311
,27.59022627,0,0,4.634936903
,27.35575367,0,0,4.492461442
,27.13747547,0,0,4.359826382
,26.94103807,0,0,4.240462716
,26.85772929,0,0,4.189840779
,26.76876207,0,0,4.135780537
,26.6451172,0,0,4.06064869
,26.52755747,0,0,3.989214428
,26.47521973,0,0,3.957411809
,26.42065647,0,0,3.924256862
,26.3497904,0,0,3.881195645
,24.900354,0,0,3.000456829
,23.9790038,0,0,2.440605508
,23.55884221,0,0,2.18529757
,23.5472046,0,0,2.178226064
,23.2145264,0,0,1.976076729
,22.36105533,0,0,1.457471638
,21.64112767,0,0,1.020013161
,21.5649028,0,0,0.97369571
,21.6055196,0,0,0.998376195
,21.7191894,0,0,1.067446769
,21.708895,0,0,1.061191457
,21.62087,0,0,1.007703746
,21.57502653,0,0,0.979847318
,21.45861,0,0,0.909107713
,21.4710388,0,0,0.916659977
,21.5340616,0,0,0.954955294
,21.66905527,0,0,1.036983151
,21.74084267,0,0,1.080604209
,21.76986257,0,0,1.09823793
,21.85171307,0,0,1.14797375
,21.8916116,0,0,1.172217785
,21.88433427,0,0,1.16779577
,21.89636627,0,0,1.175106922
,21.96396693,0,0,1.216183944
,22.0309366,0,0,1.256877544
,22.12817387,0,0,1.315963016
,22.1400958,0,0,1.323207287
,22.049833,0,0,1.268359795
,21.97495927,0,0,1.22286335
,21.92008673,0,0,1.18952048
,22.34462992,45.44428417,24.42616667,23.26537021
,22.4054382,69.7883706,37.27922619,34.98995785
,22.7378764,146.42804,76.03470238,71.98679905
,23.20470971,229.1173557,117.26625,111.96975
,23.51787007,269.1330579,136.7073512,131.3716473
,23.89814073,324.5409047,162.2749107,158.2041188
,24.70578207,494.5615927,243.636131,240.3221018
,25.81000987,589.5070207,287.8297321,286.5765414
,26.36562707,569.132588,280.7458333,277.1323575
,26.8544944,613.7954227,301.1219345,298.8721181
,27.2721314,662.5689087,325.5990476,322.5421269
,27.64303787,617.4629527,297.5675298,301.1120579
,27.7038965,710.976275,334.6792262,346.0449458
,28.0741658,673.764746,331.2578274,328.4046177
,28.02329087,636.1480607,322.5512798,310.3138683
,28.12365527,613.6754333,320.5695833,299.5857068
,28.60254713,816.8375647,360.1209524,397.415192
,28.8662964,801.1747427,383.6511012,390.0557093
,29.49615867,968.808626,459.206994,470.9197572
,30.03040367,984.1918673,465.2931548,478.6299078
,30.45237293,1003.704404,471.4893155,488.2543165
,30.6108378,962.423294,460.8804762,468.5314745
,31.26550907,1112.296618,487.4388988,540.8837222
,31.12965493,954.939324,438.1825595,465.2536628
,31.10980833,667.887738,329.6125,327.4276407
,31.30430727,791.65527,394.9533929,386.9668324
,32.266697,892.7997,426.9123214,436.1112367
,32.17408047,936.0600807,441.295506,456.8243425
,32.819391,990.0849467,459.0828571,483.153892
,33.13893986,781.5910821,378.9117559,383.2497988
,32.61264433,594.5410247,295.6745536,293.1269436
,32.7458558,545.487636,275.8299107,269.6572718
,32.59839073,506.2324327,262.0813095,250.7211749
,32.41062673,404.0820713,217.2763393,201.5645166
,32.6603392,485.598238,278.2052679,240.8523049
,33.28802473,629.9917373,327.5699702,310.5572817
,33.33569327,536.2176507,273.641994,265.565146
,33.42402007,490.96055,238.308125,243.8908049
,32.66607667,445.1593267,215.1745833,221.441
,32.16037607,389.0966947,202.215,194.2179485
,31.88587833,297.8837853,148.1654464,150.2596767
,31.26597493,246.215918,121.5083631,125.0771648
,30.80819907,208.1180433,102.7552381,106.5081454
,30.17164893,145.1273187,74.49538691,75.87939486
,29.63169753,112.2409709,57.51119047,59.7625052
,29.4934264,92.7983004,47.78014881,50.3440261
,29.02422,41.24722486,21.06175595,25.30915602
,28.4694946,5.057944107,1.195535714,7.597545209
,28.13610413,0.094448565,0,5.011980285
,27.82643613,0,0,4.778468002
,27.58875313,0,0,4.634041765
,27.35458573,0,0,4.491751756
,27.17084367,0,0,4.380102311
,26.9254904,0,0,4.231015296
,26.74023647,0,0,4.118447177
,26.542622,0,0,3.998368275
,26.3805358,0,0,3.899877849
,26.2500794,0,0,3.820607027
,26.0939412,0,0,3.725730858
,26.03558967,0,0,3.690274
,25.7736,0,0,3.531078006
,25.65490107,0,0,3.458951517
,25.48866567,0,0,3.357939862
,25.33885487,0,0,3.266908489
,25.1337626,0,0,3.142285759
,24.969698,0,0,3.042593174
,24.83809343,0,0,2.962624675
,24.81882947,0,0,2.950919077
,24.6906805,0,0,2.873050349
,24.53854767,0,0,2.78060801
,24.32740287,0,0,2.652307505
,24.2539612,0,0,2.607681245
,24.2181986,0,0,2.585950377
,24.21133627,0,0,2.581780534
,24.305967,0,0,2.639282167
,24.47437553,0,0,2.741614309
,24.56653033,0,0,2.797611461
,24.6126954,0,0,2.825663306
,24.40130207,0,0,2.697211782
,24.0961324,0,0,2.511777795
,24.0066,0,0,2.457374125
,23.98470873,0,0,2.444072066
,23.96986843,0,0,2.43505447
,23.9593852,0,0,2.428684417
,23.91781213,0,0,2.403422865
,23.90087887,0,0,2.393133496
,23.7752706,0,0,2.316808605
,23.661442,0,0,2.247641536
,23.62378547,0,0,2.224759835
,23.49081827,0,0,2.143963345
,23.31950379,0,0,2.039865426
,23.2451844,0.619920203,0,2.292330586
,23.15111687,9.61781414,3.963244048,6.555075603
,23.35637213,29.11355313,14.67639881,16.03973535
,23.665861,52.356912,27.27443452,27.38697062
,24.0184102,86.237195,43.7052381,43.86717682
,24.41668487,153.685394,64.72357143,76.49118222
,24.85792633,205.2391053,89.30428571,101.5103251
,25.38981333,266.04703,117.6583929,131.0275118
,25.92083964,323.376125,146.7502381,158.8739834
,26.23174233,372.7364353,176.181756,182.7608713
,26.3079448,361.205644,191.7002381,177.2712223
,26.6822978,535.7404813,255.6340179,261.2931719
,26.76338493,363.7049407,190.2824405,178.7478836
,27.15253713,565.6625413,276.5086012,275.9445419
,27.40404467,418.8771033,251.7485119,205.6254261
,27.86412947,563.87132,299.9089583,275.5169671
,27.86592971,517.19428,231.0039286,253.1083334
,28.24258627,580.4646173,266.1026488,283.7134041
,28.48883253,585.474618,310.3785119,286.2683437
,28.98237107,716.7022733,342.7308631,349.5708627
,29.52840573,883.3871893,429.0286607,429.9283726
,29.893628,775.8027067,393.4587202,378.4988011
,30.16676853,867.9127513,409.6853869,422.8869644
,30.64815267,958.7208273,425.3044345,466.7765879
,31.08613807,856.888655,425.3547917,418.1529245
,30.96598713,966.907858,436.6560715,470.9003251
,31.85976967,975.8267627,460.7471131,475.7254067
,31.85876867,948.9071127,427.0415774,462.800628
,32.2687516,942.1417827,441.9768452,459.8017043
,32.5261004,939.3533653,446.1188691,458.6193564
,32.84859033,919.379874,435.41,449.2260072
,33.08275936,793.1582364,349.2868155,388.7690719
,33.32188727,847.597544,429.1491071,415.0507817
,33.68083073,833.392598,328.3072917,408.4490718
,33.55198987,832.3255767,398.3597024,407.8585039
,33.78651527,666.5665693,298.1847321,328.4198256
,33.41605233,678.2424947,340.323869,333.8003486
,33.7623494,684.7007353,320.8730952,337.1113858
,33.76130373,476.600342,218.4627083,237.2013921
,33.27972207,238.672855,142.1495833,122.6793651
,32.8169596,214.46764,112.224375,110.7772055
,32.72800313,287.3007813,153.9842857,145.6904688
,33.25120033,289.5850273,146.8277976,147.105056
,32.8292944,242.5447947,128.1380952,124.2645911
,32.72574673,303.5469627,148.0368155,153.4889174
,32.85508647,294.7314607,146.6958333,149.335172
,32.51563893,199.998688,96.44970238,103.6475415
,31.9316625,137.3132696,63.83110119,73.19731505
,31.36695347,88.12708173,40.00565476,49.23980018
,30.75914113,45.6077094,22.43931548,28.45684359
,30.156077,26.9941826,13.67654762,19.15400996
,29.6914124,11.28363037,5.49797619,11.32899684
,29.19390867,1.265865947,0,6.217146536
,28.8050252,0,0,5.373100078
,28.41945813,0,0,5.138813232
,28.04134036,0,0,4.909052891
,27.72182007,0,0,4.714898858
,27.46389373,0,0,4.558171917
,27.12241393,0,0,4.350674358
,26.93866167,0,0,4.239018715
,26.813499,0,0,4.162964588
,26.7214192,0,0,4.10701301
,26.061617,0,0,3.706089308
,25.32423829,0,0,3.258026836
,25.05556433,0,0,3.094769188
,24.84250287,0,0,2.965304036
,24.7625794,0,0,2.916739159
,24.6506064,0,0,2.848699632
,24.4036906,0,0,2.698663156
,24.30899047,0,0,2.641119353
,24.17554313,0,0,2.560031113
,24.16959721,0,0,2.556418121
,23.77793187,0,0,2.318425703
,23.52398087,0,0,2.164114342
,23.57631227,0,0,2.195913113
,23.79398807,0,0,2.328182129
,23.82386273,0,0,2.346335239
,23.81315727,0,0,2.339830145
,23.8431722,0,0,2.358068487
,23.7696665,0,0,2.313403317
,23.74944667,0,0,2.301116891
,23.74525333,0,0,2.298568845
,23.7231018,0,0,2.285108637
,23.66042487,0,0,2.247023483
,23.56479287,0,0,2.188913438
,23.53508313,0,0,2.170860549
,23.55293973,0,0,2.181710973
,23.5656494,0,0,2.189433904
,23.53911914,0,0,2.173312999
,23.4719544,0,0,2.132500862
,23.386021,0,0,2.080284096
,23.4240112,0,0,2.103368548
,23.45262647,0,0,2.120756393
,23.35825587,0,0,2.063412828
,23.18258253,0,0,1.956666286
,23.065572,0,0,1.885565741
,22.90438138,14.27183046,0,8.639549974
,23.01654486,33.1407035,15.0314881,17.76668379
,23.31243287,50.611544,26.48678571,26.33425856
,23.51573693,83.21858907,43.14273809,42.11249338
,23.78894047,148.654634,63.27315476,73.69446162
,24.0009094,203.6339493,89.47863095,100.2189272
,24.3116068,202.8929653,100.725,100.0519724
,24.44554647,281.2749707,132.6235417,137.764696
,24.68875133,242.0931633,127.757381,119.1012241
,24.93150013,444.5730093,216.4227083,216.4596525
,25.73379057,504.7311079,244.7388095,245.8291651
,26.3876404,557.0171753,272.2047917,271.3291032
,26.97056067,618.2257627,302.77,301.0696587
,27.71488233,670.448718,327.1147917,326.5942711
,28.17348427,714.7616047,348.7302381,348.1476305
,28.5507568,763.0363573,370.1247619,371.5536694
,28.6851826,802.4272127,384.866756,390.5469699
,29.21775093,834.1566393,384.7886905,406.1039335
,29.56794647,862.7664733,409.8811012,420.0523578
,29.84079429,891.7315043,426.4614286,434.1243131
,30.38230993,913.1820933,435.5244643,444.7518258
,30.98658047,928.8445293,442.3057738,452.6385687
,31.03626907,947.984686,450.132619,461.8579838
,31.56218267,958.7958633,457.7386011,467.3680161
,31.59730213,965.2258987,458.3090774,470.4764272
,32.02379753,970.586436,461.7097619,473.3091871
,32.30198567,966.6168293,460.7110417,471.5724109
,32.3679245,960.0062993,456.4116667,468.4387513
,32.78869213,945.3285047,450.715,461.6475929
,33.25482186,913.0500964,437.3612302,446.4339135
,33.4319154,865.8357227,418.0584524,423.8738206
,33.4819584,879.347218,426.6040178,430.3911211
,33.32365333,860.7233647,417.3858631,421.353584
,33.5405356,799.9019353,386.2751785,392.2848976
,33.7554728,743.142924,371.1301488,365.1654031
,34.09684771,760.3030921,343.8130357,373.6114633
,34.38259667,754.9121527,370.3304762,371.1968971
,34.23293673,677.3567373,325.6131548,333.8714685
,34.278066,504.9492813,289.4463393,251.1257734
,34.62947793,629.4453433,311.9781845,311.1100806
,34.7056704,551.405086,281.1492857,273.689116
,34.31009747,306.095652,158.5147917,155.6752661
,33.7051188,133.7362737,72.44404762,72.5576201
,32.85124421,87.81155829,48.66,49.99023461
,32.63336773,75.5440882,41.50857143,43.96821007
,32.45497007,67.45405153,35.69416667,39.97576753
,32.2224836,50.61835107,25.60642857,31.75165004
,30.90656127,36.75493873,17.87258929,24.2961918
,29.40557853,32.40794313,15.79925595,21.29713116
,28.77471533,16.5713633,8.272559524,13.31062267
,27.8907064,3.801942737,1.24327381,6.642840609
,27.1471252,0.049854124,0,4.389625019
,26.84466329,0,0,4.181901326
,26.80380247,0,0,4.157072565
,26.5296794,0,0,3.990503804
,26.13919673,0,0,3.753230032
,25.98317053,0,0,3.658421919
,25.92591347,0,0,3.623630105
,26.3512246,0,0,3.882067125
,26.67003993,0,0,4.075792796
,26.74988007,0,0,4.124307039
,26.74337147,0,0,4.120352135
,25.05998927,0,0,3.097457964
,23.2322306,0,0,1.98683455
,22.50070593,0,0,1.542329245
,22.44423013,0,0,1.508012162
,22.48285327,0,0,1.53148121
,22.54673253,0,0,1.570296952
,22.53863333,0,0,1.565375536
,22.499492,0,0,1.541591608
,22.4707174,0,0,1.524106945
,22.384967,0,0,1.472001377
,22.32996413,0,0,1.438579311
,22.26612553,0,0,1.39978828
,22.27712807,0,0,1.406473884
,22.1519064,0,0,1.330383907
,22.209784,0,0,1.365552783
,22.26695967,0,0,1.400295134
,22.238922,0,0,1.383258263
,22.17399293,0,0,1.343804618
,22.08363447,0,0,1.288898995
,21.98052973,0,0,1.226248201
,21.73555907,0,0,1.07739367
,21.402293,0,0,0.874887123
,21.34014087,0,0,0.83712086
,21.35784927,0,0,0.847881232
,21.37924393,0,0,0.860881536
,21.381364,0,0,0.862169778
,21.25942564,0,0,0.788074879
,21.06681733,0,0,0.67103793
,21.37434887,0,0,0.857907087
,21.55023393,0,0,0.964782287
,21.64061293,0,0,1.019700387
,21.89979453,0,0,1.177190081
,22.3387368,0,0,1.443909954
,22.401477,0.825436125,0,1.878326861
,22.49571679,10.56348907,4.592946429,6.610846983
,22.62713007,28.7589122,14.39547619,15.42635333
,22.84106447,50.6818596,27.53779762,26.08159384
,23.17152307,84.808915,44.44050595,42.66685271
,23.54695427,158.2885587,66.9196131,78.17268446
,23.94607947,215.28912,93.79577381,105.7812778
,24.41617833,271.7468767,122.2579464,133.1723962
,24.91252433,330.588588,153.5405655,161.7240043
,25.35419907,395.7623673,185.778631,193.2824286
,26.09695007,451.3733507,216.3525298,220.4326847
,26.6344054,508.00591,246.4120833,247.9486549
,26.99952593,560.84592,274.5174107,273.5390976
,27.20573713,615.2906573,300.998125,299.8034127
,27.668807,666.398724,324.2816667,324.6218647
,27.95082393,720.1458673,348.1065179,350.5973265
,28.3790078,766.0080267,359.4233036,372.876011
,28.9688944,815.546264,390.8007143,397.0178444
,29.61952421,719.329505,360.3785119,351.2193623
,29.5801188,984.1090573,431.6794048,478.3165385
,29.96776533,852.1106573,410.8820834,415.179429
,30.10053313,988.6180987,446.7796726,480.7975628
,30.31374713,580.431214,283.7421726,284.955892
,30.50551153,838.770058,401.7248512,409.1013415
,30.71699633,705.2639533,358.6424405,345.1333371
,30.90061507,688.0905793,386.3087202,336.9999451
,31.35813793,1054.155981,464.2724405,513.0265873
,31.57839347,544.8555493,286.8635714,268.6444065
,32.03025313,1008.637932,447.8509821,491.5816988
,32.626951,682.3728553,300.0908036,335.3038506
,32.068638,591.8467893,315.4141369,291.5028753
,32.80097027,818.109888,394.8191369,400.5771759
,33.18527407,956.6406293,451.1853572,467.3195434
,33.488021,718.815376,304.0245833,353.3231902
,32.70759336,243.48246,126.3574107,124.6408152
,32.27215373,445.260018,263.4841667,221.2499779
,32.34491993,302.484416,166.804494,152.7473805
,32.281588,327.377192,165.4127679,164.6599621
,32.39553247,319.140978,155.7091667,160.774979
,32.8598512,536.1376973,295.7713095,265.2376186
,33.26259353,528.6599567,276.8143155,261.8922656
,33.40587707,370.85346,187.601875,186.216159
,33.26564864,451.5764164,231.793869,224.8861812
,33.16755933,393.0785847,196.6400298,196.7416679
,33.05929993,425.1206693,218.3216369,212.0593451
,33.04103613,310.9964793,155.0764881,157.2570264
,32.0835266,69.90649253,37.09943452,40.92748394
,31.25639433,44.06781293,23.72083333,28.0196887
,30.51948247,35.2655896,18.45318452,23.34594727
,29.59416113,26.55509927,13.54675595,18.60176146
,29.09301967,24.5060392,3.09,17.31348945
,28.737601,12.34152551,0,11.257318
,28.44485467,0.690927293,0,5.485960627
,28.23783153,0,0,5.028449234
,28.0495422,0,0,4.914036677
,27.28030193,0,0,4.44661378
,26.34422813,0,0,3.877815777
,25.80482787,0,0,3.550053377
,25.6798888,0,0,3.47413512
,26.31762287,0,0,3.861649292
,26.73703436,0,0,4.11650144
,26.739679,0,0,4.118108437
,26.86095393,0,0,4.191800212
,26.75190227,0,0,4.12553581
,25.95031553,0,0,3.638457832
,25.97059127,0,0,3.650778225
,25.9664206,0,0,3.648243952
,25.97672327,0,0,3.654504287
,25.81025914,0,0,3.55335365
,25.31260167,0,0,3.250955935
,23.9593444,0,0,2.428659625
,23.6627584,0,0,2.248441437
,23.45834153,0,0,2.124229109
,23.35063673,0,0,2.058783121
,23.3878704,0,0,2.08140787
,23.41160473,0,0,2.095829854
,23.43953853,0,0,2.112803612
,23.47894071,0,0,2.136746042
,23.5569438,0,0,2.184144014
,23.6097004,0,0,2.216201154
,23.59573773,0,0,2.207716847
,23.378357,0,0,2.075627126
,23.29530833,0,0,2.025163246
,23.3853394,0,0,2.079869927
,24.11521193,0,0,2.523371326
,24.20928079,0,0,2.580531537
,24.11397707,0,0,2.522620969
,24.00773507,0,0,2.45806384
,23.8672546,0,0,2.372701971
,23.61861967,0,0,2.221620877
,23.4968382,0,0,2.147621311
,23.55595913,0,0,2.183545689
,23.59987593,0,0,2.210231392
,23.59153247,0,0,2.205161549
,23.45699443,0,0,2.123410551
,23.4064474,0,0,2.09269604
,23.3181456,0.840537198,0,2.442583496
,23.216046,11.79044832,5.201636904,7.637614713
,23.13891793,27.57478593,13.73991667,15.1688362
,23.3408814,60.63570907,30.35913691,31.16416406
,24.0415672,111.2899763,55.60934524,55.90913157
,24.46488453,161.6571347,71.56365079,80.34771684
,24.71102907,154.2123409,71.76181547,76.92302633
,25.21572214,254.2998136,123.8028869,125.2818677
,25.71132827,302.042678,143.964881,148.5044506
,26.1143576,342.4570507,171.0735417,168.1523584
,26.739856,453.155868,212.0383532,221.6791312
,27.1763814,448.5121607,206.6742857,219.7149306
,27.553778,560.1515627,263.6374603,273.5425225
,27.84234427,613.4782713,295.2368452,299.3201125
,28.18399247,631.48828,304.7734821,308.1743487
,28.57059727,690.779268,315.1144544,336.8749719
,29.14159064,626.4925336,307.8544583,306.3577593
,29.01158633,666.40501,299.8371667,325.4408121
,29.15021621,455.2519279,226.5844345,224.1500899
,29.15719787,611.992378,311.5700694,299.4056932
,29.738853,563.158282,268.9291667,276.3137975
,29.9996884,562.169516,280.6566071,275.9975839
,30.1848064,833.6664387,414.9651588,406.4562111
,31.2950174,965.868116,447.9861111,470.6010759
,31.85807493,754.565452,356.6520833,369.4964394
,31.9470338,1036.560771,443.7041667,504.9369343
,32.10408907,598.3157729,289.2680357,294.630187
,32.0959512,574.8687467,255.2331845,283.3682843
,32.27157787,627.4043513,285.7946429,308.6974371
,32.52562053,717.4661713,337.129375,352.0906395
,32.66443473,348.8823367,179.0214881,175.2172531
,32.20655313,299.4810687,159.2218552,151.2213907
,32.32926847,305.7066467,163.156875,154.2848685
,32.31917287,303.7400713,155.9521131,153.3345778
,32.30150967,285.697924,150.4956845,144.6617788
,32.7693424,655.4787687,346.681875,322.4784761
,32.97901057,361.2557564,184.5824206,181.3489028
,32.9282166,331.2335933,184.9449702,166.9043459
,32.6388932,276.93862,155.6126488,140.6614303
,31.76597893,615.993176,307.2056548,302.9116888
,32.45873827,462.262998,228.5079167,229.5265146
,32.22288607,476.263588,235.1561012,236.1049083
,32.06696147,365.0563653,188.7105655,182.6193822
,32.06028027,365.5789027,181.3133929,182.8661935
,31.46108187,222.4269813,113.0133631,113.7746104
,30.93136807,180.5451736,96.96705357,93.34520565
,30.44563607,124.1333933,65.40690476,65.9666612
,30.09595327,63.27201987,33.66497024,36.53452859
,29.84621387,42.321342,22.25955357,26.32431973
,29.4541402,20.88435003,10.9906746,15.79414232
,28.88045447,9.816946273,2.197113095,10.13206696
,27.91963507,1.955322408,0.098958333,5.773853279
,28.1855752,0,0,4.996696077
,28.09154414,0,0,4.939558833
,27.56178787,0.064555534,0,4.648649753
,24.25947053,0.02499842,0,2.623030733
,23.18479407,0,0,1.958010107
,23.05576167,0,0,1.879604567
,22.88948167,0,0,1.778565812
,22.82562867,0,0,1.73976603
,22.96097607,0,0,1.822008831
,23.148819,0,0,1.936150136
,23.238674,0,0,1.990749832
,23.172168,0,0,1.950337975
,23.00936693,0,0,1.851413167
,22.93573607,0,0,1.80667194
,22.89959913,0,0,1.784713612
,22.90470173,0,0,1.787814168
,22.90138947,0,0,1.785801494
,23.19335943,0,0,1.963214783
,23.44536527,0,0,2.116344181
,23.4742208,0,0,2.133878023
,23.37004987,0,0,2.070579361
,23.34788807,0,0,2.057112915
,23.15407727,0,0,1.939345281
,23.14515773,0,0,1.933925396
,23.12067273,0,0,1.919047275
,23.0277302,0,0,1.862571464
,22.74159679,0,0,1.688704708
,22.54430947,0,0,1.568824595
,22.4315856,0,0,1.500328809
,22.5432046,0,0,1.568153231
,22.5473002,0,0,1.570641891
,22.39808753,0,0,1.479973968
,22.4661296,0,0,1.521319203
,22.41656287,0,0,1.491200361
,22.44371464,0,0,1.507698928
,22.5855528,0,0,1.593885787
,22.70174173,0,0,1.664487094
,22.62317493,0,0,1.616746585
,22.6158384,0,0,1.612288598
,22.5532246,0,0,1.574241806
,22.43520107,0,0,1.502525719
,22.13752027,0,0,1.321642284
,21.98794553,0,0,1.230754355
,21.8506328,0,0,1.147317334
,21.65635886,0.384042198,0,1.213647599
,21.6234394,11.22656291,5.524642857,6.399157274
,21.68139047,30.79833133,15.84130952,15.83081063
,21.9106464,52.57643607,29.19130952,26.42582193
,22.47227367,92.04136593,47.90782738,45.71427141
,23.25191027,174.379912,71.33372024,85.71888979
,23.5200622,229.3413007,98.01315476,112.2688879
,24.10040087,284.6431907,125.5927381,139.1720591
,24.59085529,339.2979014,155.6483333,165.709901
,25.10441687,390.5541093,183.9438988,190.6301567
,25.93090607,447.4868787,214.8841071,218.4658874
,26.5218384,507.2556953,246.5873214,247.5200751
,27.13689167,567.9321227,277.8724405,277.024665
,27.54449053,618.6352253,301.7046131,301.6149865
,27.93476573,662.7551927,324.1234226,323.0342068
,28.2101116,714.268366,346.9522619,347.9330821
,28.67243964,733.7398671,353.9305556,357.5623135
,28.8991944,809.0980027,375.6974107,393.8796703
,29.42018233,829.5752813,388.7867857,404.0274215
,29.4800944,818.2360253,360.4392262,398.6198302
,29.96606647,725.2745073,346.4386012,354.2841419
,29.91422333,807.332034,403.6275893,393.6486002
,30.55613393,959.7508193,457.5087798,467.2151744
,31.31245933,1009.763066,473.0508929,491.6857157
,31.61480713,962.788822,460.0102381,469.3170193
,31.7778442,927.4572887,442.0233929,452.4533573
,32.29975367,1063.722258,474.2860873,518.1915389
,32.15694979,801.1804564,404.063125,392.0579925
,32.25066307,908.65983,442.886131,443.7159696
,32.9157552,1008.243875,471.2621428,491.93058
,33.30490127,877.40903,379.3839286,429.3530063
,32.80250586,513.6740936,265.0166071,254.4179581
,32.92808647,741.7442313,364.9635417,363.9911334
,33.7576235,718.638987,345.0240972,353.4023274
,32.78992793,403.3134171,175.5144048,201.4259638
,32.84624807,551.82746,298.5985417,272.7620349
,32.96533185,537.7807877,295.8724206,266.0905636
,33.39793093,739.7700273,367.5699702,363.328812
,33.4184388,642.219944,314.757381,316.5073099
,33.45063293,572.5103687,294.5068948,283.0591849
,33.09783493,479.3892407,225.0665179,238.1371955
,32.85396113,206.959974,107.8531448,107.1952458
,32.72757773,315.2401927,162.5055357,159.10397
,32.8664406,320.7225407,158.863125,161.8204336
,32.67632836,291.2888886,136.2113492,147.5737662
,32.67141727,234.8828547,119.4874107,120.4901477
,32.51223057,195.9377943,95.85869048,101.6958283
,31.9580788,83.61540687,41.35133929,47.43293001
,31.47694293,51.79872407,25.25181548,31.86532714
,31.00580053,35.92290873,17.51014881,23.95703473
,30.42119707,20.67562496,9.832202381,16.28155768
,29.72327093,7.399102093,2.194154762,9.48338669
,28.56131,1.263680615,0,5.831703668
,28.05981847,0,0,4.920280971
,27.7923808,0,0,4.757774542
,27.6113422,0,0,4.647767837
,27.3556456,0,0,4.492395776
,27.13539564,0,0,4.358562593
,26.93152067,0,0,4.234679541
,26.72478447,0,0,4.109057889
,26.4515138,0,0,3.943007082
,26.2307618,0,0,3.808868837
,24.98380838,0,0,3.051167238
,22.00026769,0,0,1.238241819
,20.61398777,0,0,0.395879548
,20.84500333,0,0,0.536254368
,21.10015247,0,0,0.691293765
,20.83839933,40.90233542,18.59222222,20.1695234
,21.0031935,66.32315757,36.02071429,32.47423994
,21.18515207,99.87804433,55.85505952,48.69456477
,21.43288993,130.1255427,71.94077381,63.36697698
,21.80819507,133.9008513,72.57821429,65.40756045
,22.1382732,152.861262,81.44824405,74.7110558
,22.34573353,188.819984,99.38961309,92.10096203
,22.67702447,233.6446047,122.4962202,113.8226462
,23.1681946,299.662534,156.470506,145.8164239
,23.66407273,359.172322,184.328869,174.6884925
,24.08229293,393.3412786,203.4344643,191.3471958
,24.37939667,483.5685933,252.0592857,234.8460183
,25.40005687,683.9935373,332.7218155,331.6905765
,25.6231832,485.1745127,238.2620238,236.3728002
,26.1870668,618.87154,309.7199405,300.9036136
,26.661143,625.9291153,320.158244,304.5800364
,27.28059887,922.471946,435.4838691,447.3271693
,27.96214193,942.6408173,442.8266369,457.4244137
,28.6902568,880.648258,419.7916964,428.1041122
,28.98941914,898.46418,427.7876786,436.8393508
,29.17119147,844.823108,401.8536012,411.196632
,29.17043653,725.6673207,340.2759524,353.9892739
,29.45211587,1051.895543,462.8188691,510.7831672
,30.0820658,875.9597193,435.4340178,426.6988587
,29.98060707,711.9324987,373.7009524,347.887456
,30.22876787,907.262212,437.697262,441.8163819
,30.41427827,964.028712,455.0271131,469.1828005
,31.0336488,975.0077607,459.627619,474.8302165
,31.22641807,906.359092,425.1114583,441.9890068
,31.45149127,870.920262,402.0066071,425.1115273
,31.4721985,631.6550371,325.5011607,310.252462
,31.29462073,471.5989833,244.4551786,233.3013703
,31.44660047,725.410408,340.447381,355.2490231
,31.9529074,611.296238,299.7859821,300.7702664
,32.07957367,652.5659727,322.9561607,320.6609051
,32.37420473,559.360168,282.5041667,276.0916675
,32.27581187,519.2661353,274.215625,256.7826655
,32.34201053,524.943236,256.5945536,259.5484765
,32.46573564,534.8639064,268.1479762,264.3865881
,32.45574533,484.228046,246.7521726,240.0701535
,31.81478467,457.150144,234.1342857,226.6805311
,31.6578208,302.6864813,153.0573214,152.4268819
,30.83621833,256.64592,132.3389881,129.8234885
,30.0257304,227.5632,117.5557738,115.3683377
,29.58132927,163.290324,84.77916666,84.24078192
,29.13962607,86.97763127,45.45532738,47.33452876
,28.60853564,65.1276525,33.84732143,36.52160321
,28.17793367,33.31300827,16.38627976,20.98568559
,27.79263707,10.40244321,4.65078373,9.75216122
,27.43268633,3.065661366,0.065208333,6.0110383
,27.0520792,0,0,4.307936001
,26.57452987,0,0,4.017756843
,26.25181073,0,0,3.821659058
,25.99156107,0,0,3.663520362
,25.52207653,0,0,3.378241717
,25.53364047,0,0,3.385268452
,25.580924,0,0,3.413999925
,25.6105834,0,0,3.43202223
,25.57697573,0,0,3.411600791
,25.56937447,0,0,3.40698194
,25.5727214,0,0,3.409015678
,25.53245233,0,0,3.384546492
,25.4170736,0,0,3.314437497
,25.31565747,0,0,3.252812768
,24.6701782,0,0,2.860592285
,22.479893,0,0,1.529682427
,21.80762807,0,0,1.121185844
,21.58188473,0,0,0.984014651
,21.44609787,0,0,0.901504812
,21.5154318,0,0,0.94363504
,21.5897746,0,0,0.988808867
,21.52715873,0,0,0.95076082
,21.492806,0,0,0.929886647
,21.3664144,0,0,0.853085769
,21.3732096,0,0,0.85721482
,21.3210645,0,0,0.825529254
,21.29543873,0,0,0.809957955
,21.305418,0,0,0.816021779
,21.262144,0,0,0.789726668
,21.25114333,0,0,0.783042198
,21.31638587,0,0,0.822686318
,21.3130046,0,0,0.820631718
,21.40104367,0,0,0.874127975
,21.4183166,0,0,0.88462374
,21.39867286,0,0,0.872687371
,21.37410473,0,0,0.857758741
,21.3664836,0,0,0.853127818
,21.41384273,0,0,0.881905229
,21.42423293,0,0,0.888218754
,21.4370606,0,0,0.896013386
,21.29342033,0,0,0.80873149
,21.24248647,0,0,0.777781919
,21.27621873,0,0,0.79827907
,21.26208493,0,0,0.789690776
,21.22681107,1.054233147,0,1.274396042
,21.15011187,7.83505386,2.728809524,4.483274104
,21.1853698,23.00684277,11.51657738,11.78870038
,21.3506612,50.39530453,25.66306548,25.03838624
,21.59182947,83.62936387,44.04970238,41.14065958
,21.78685107,116.7449069,62.32416667,57.15799236
,22.16442873,150.50792,80.59217262,73.59710545
,22.4847634,137.1546752,73.44017857,67.38083843
,22.75419527,163.594894,86.00494048,80.23855135
,22.79219264,219.4022686,112.9338988,107.0548571
,23.30529987,319.270414,158.779494,155.3135119
,23.72245473,257.492758,130.9844345,125.9074335
,23.95977967,241.4865233,126.4749702,118.3670212
,24.18511947,258.889448,138.2006548,126.8591214
,24.40823153,371.1218493,198.5547321,180.8776635
,24.94327793,430.8539587,229.6102679,209.8802692
,24.95345873,313.64225,170.7139881,153.6129116
,24.9230428,304.070602,171.143631,148.9990649
,24.95966,277.6844829,159.7329762,136.3532937
,24.80840247,337.0152367,193.21375,164.7461806
,24.85946453,348.691926,196.1009524,170.3832068
,25.07773447,426.2679867,239.6461607,207.7602376
,25.54298293,715.572958,373.5829167,346.9387588
,26.04090373,561.617874,288.8419048,273.3272147
,26.3615418,623.98843,323.0570238,303.4662597
,27.0928548,1151.102274,498.2296429,556.9789036
,27.6734152,799.8236227,363.6764286,388.6821892
,28.24220936,1122.550064,472.3927679,543.9693348
,28.96689653,771.698892,369.3517262,375.9654313
,28.82690847,645.4755853,323.0214286,315.2803411
,28.9500306,949.2787793,426.12,461.2115936
,29.13891813,805.6238187,388.0244643,392.3573748
,29.40827633,889.7051447,429.9141071,432.8886382
,29.92807407,886.393536,422.8431548,431.6145802
,30.11400747,850.795052,415.7253869,414.6366675
,30.26233913,776.912684,386.9976786,379.2557476
,30.07889021,740.6104714,369.8172321,361.7155213
,30.49638267,698.3646913,349.7516667,341.6869353
,30.8197694,643.3630187,325.2858333,315.4770407
,30.739146,593.051344,300.9674405,291.2733286
,30.83932487,539.7100973,274.9676191,265.7249768
,31.278884,481.6808007,246.5959821,238.1321059
,31.0069884,422.7470493,210.3156548,209.6726948
,30.61301473,314.3966613,153.1372619,157.4140913
,30.77180907,305.2764093,152.818631,153.1319326
,30.710561,254.7879167,124.4537798,128.8551032
,30.20338127,201.8936087,96.00526786,103.1522707
,30.03769333,141.0142691,65.32928572,73.82331556
,29.53439127,77.07111653,37.62541667,42.81826994
,28.9436726,47.8600682,24.26345238,28.43504953
,28.53600267,19.43618677,10.54559524,14.54097747
,28.10139567,3.438845913,1.119880952,6.5965409
,27.70457367,0,0,4.704419216
,27.33828964,0,0,4.481849563
,26.9142048,0,0,4.224157689
,26.37625527,0,0,3.897276816
,25.91156827,0,0,3.614913356
,25.64443967,0,0,3.452594728
,25.47801713,0,0,3.351469363
,25.3493976,0,0,3.273314699
,24.4812562,0,0,2.745795293
,24.16049421,0,0,2.550886754
,23.78360587,0,0,2.321873465
,23.54168293,0,0,2.174870866
,23.33104853,0,0,2.046880502
,23.26649373,0,0,2.007654278
,23.24779667,0,0,1.99629315
,23.227238,0,0,1.983800835
,23.36821887,0,0,2.069466768
,23.29979453,0,0,2.027889251
,23.2678135,0,0,2.008456224
,23.30852247,0,0,2.033192712
,23.170756,0,0,1.949479984
,23.11339927,0,0,1.914627609
,23.27762647,0,0,2.014418997
,23.664211,0,0,2.249324098
,23.67028613,0,0,2.253015606
,23.73268627,0,0,2.290932564
,23.73919267,0,0,2.294886128
,23.57107114,0,0,2.192728384
,23.53009227,0,0,2.167827887
,23.43905027,0,0,2.11250692
,23.38316447,0,0,2.078548346
,23.1820678,0,0,1.956353512
,23.021513,0,0,1.85879363
,22.88455607,0,0,1.775572809
,22.88736367,0,0,1.777278825
,22.85251079,0,0,1.756100742
,22.62314047,0,0,1.616725642
,22.53752647,0,0,1.564702957
,22.42528687,0,0,1.496501432
,22.25009353,0,0,1.390046559
,22.24558513,0,0,1.387307064
,22.04795533,0,0,1.267218845
,22.0624776,0,0,1.276043188
,22.02170413,0,0,1.251267507
,21.99744529,1.295015991,0,1.85826622
,21.98220433,9.281435747,3.662886905,5.683299097
,22.0364666,31.61977047,16.76526786,16.44094424
,22.34989833,56.5229884,29.913125,28.58747657
,22.65153,71.65017573,38.06973214,36.03334949
,22.7655192,82.45054693,44.0527381,41.28789102
,22.78110747,89.2736406,48.5696131,44.57314217
,22.9010762,133.2021513,72.66351191,65.73619414
,23.24462273,152.24982,83.31619048,75.08976617
,23.50749207,182.1268136,99.48321429,89.59349293
,23.89930027,242.7383993,130.5731845,118.9312992
,24.37055067,306.8565887,159.928244,150.0009043
,24.73847653,509.690432,253.5815774,247.6053503
,25.1560954,505.8525087,257.6508036,246.0165195
,25.63316453,354.595126,194.7983929,173.6874761
,26.22048947,636.4364953,306.0192857,309.356888
,26.57203993,428.165058,233.519881,209.579028
,26.7760782,472.579002,234.0164881,231.0262215
,27.0006715,729.7147093,383.1034821,354.6139912
,27.968046,1019.164861,455.4104167,494.1673267
,28.05637,724.28377,342.7848512,352.6480749
,28.0176412,520.5349913,306.9322024,254.804401
,28.252118,636.5820807,382.6611905,310.6612871
,28.6178812,769.237618,415.6916667,374.571693
,29.2730122,518.1913167,294.5647917,254.4420152
,29.26160693,635.6642493,327.5890476,310.8340428
,29.22341507,661.3621767,312.686875,323.1484552
,29.47718507,478.2781807,257.3524405,235.4037137
,30.28202614,1034.329982,476.2099107,502.8541998
,30.40266307,681.5564133,324.4749405,333.560304
,30.6310384,526.3585047,231.9464583,259.1882904
,30.10173753,411.1925311,200.6039286,203.5752819
,29.92045487,441.8567757,205.3740774,218.1870837
,30.8515666,875.8627453,392.5606548,427.1198825
,31.1993794,588.4872353,292.8231548,289.3617494
,30.05372713,155.080448,82.6378869,80.58625518
,29.1820414,181.0435287,101.6810714,92.52150198
,27.56227564,141.8597669,79.76425595,72.7250721
,27.4072612,132.1317535,75.01934524,67.96044277
,27.53361213,216.1607053,119.9180655,108.3796639
,27.73206187,205.583812,112.0086607,103.4222656
,27.55705773,199.0470293,109.8799107,100.177605
,27.7056072,141.5173427,78.61065476,72.64776796
,27.8887166,119.3123423,66.48440476,62.09837392
,27.969102,121.5033462,66.40744048,63.19912426
,28.14049643,132.9208607,72.1516369,68.7848392
,28.146706,122.3565883,65.55122024,63.71668698
,27.9943766,97.1044788,51.40660714,51.50054378
,27.8205282,71.32188327,38.32208333,39.01663748
,27.54807327,46.70721873,24.53955357,27.03353937
,27.19085307,19.20993053,9.650386905,13.61498171
,26.81842647,3.352964351,0.866755952,5.775722704
,26.5084412,0,0,3.977598576
,26.16729933,0,0,3.77030636
,25.76065473,0,0,3.523211915
,25.51205664,0,0,3.372153208
,25.28888553,0,0,3.23654501
,25.0992248,0,0,3.121299132
,24.9269836,0,0,3.0166381
,24.73424893,0,0,2.89952437
,24.59129227,0,0,2.812657858
,24.46307973,0,0,2.734750504
,24.31377573,0,0,2.644027083
,24.13310953,0,0,2.534246664
,24.0184805,0,0,2.464593219
,23.91044507,0,0,2.398946324
,23.79734907,0,0,2.330224414
,23.67476807,0,0,2.255739018
,23.670292,0,0,2.253019171
,23.79543447,0,0,2.329061022
,23.72790113,0,0,2.288024915
,23.497284,0,0,2.147892198
,23.24469787,0,0,1.994410188
,22.4748738,0,0,1.526632549
,22.44671047,0,0,1.509519317
,22.32631013,0,0,1.436358986
,22.24392686,0,0,1.386299426
,22.20780427,0,0,1.364349813
,22.23102213,0,0,1.37845797
,22.15232947,0,0,1.33064098
,21.9829162,0,0,1.227698319
,21.92101433,0,0,1.190084129
,21.97612707,0,0,1.223572955
,21.89439887,0,0,1.173911446
,21.70149547,0,0,1.056695187
,21.51942879,0,0,0.946063777
,21.43865773,0,0,0.896983872
,21.58889793,0,0,0.988276167
,21.5690164,0,0,0.976195307
,21.46961873,0,0,0.915797084
,21.32059927,0,0,0.825246558
,21.27923167,0,0,0.800109856
,21.11321007,0,0,0.699228115
,20.971514,0,0,0.613127596
,20.87543953,0,0,0.55474869
,20.4631672,0,0,0.304234596
,20.39850487,1.050105428,0,0.76910046
,20.42645467,11.28045149,4.938154762,5.697690761
,21.02606393,31.87843493,15.50848214,15.95116613
,21.30387787,50.54270793,27.38443452,25.08072734
,21.7675536,108.3668231,53.27449405,53.12393392
,22.41823113,241.690604,96.92755953,117.5282906
,23.07222429,291.636115,122.6459821,141.9046107
,23.4391542,319.2179527,140.4491071,155.3696607
,24.0407102,365.894384,167.1153274,178.1446269
,24.8309816,408.9987207,190.6634226,199.3192957
,25.26646733,421.3385493,197.581875,205.5082883
,25.8001344,537.99563,256.8102679,261.8398329
,26.29952173,458.073066,223.0498512,223.7723207
,26.34630747,264.57781,140.2605655,130.903343
,26.48595587,374.1500187,193.123631,183.594006
,26.81663293,684.1655264,335.8354762,332.6339202
,27.40662013,583.1875887,253.6545833,284.512739
,27.51616627,789.6276833,384.9616964,383.69155
,27.90972667,660.908664,316.3275595,322.1324704
,27.89176847,713.4718887,337.4615178,347.3572532
,28.85871187,592.244042,311.0227976,289.7431102
,29.0410462,833.716566,370.5206845,405.7852803
,29.5964662,845.7802327,413.4252976,411.9145641
,29.66236436,442.447935,276.8215476,218.3140736
,29.04386987,405.9969573,191.7389881,200.4380729
,28.9149232,636.8961287,299.3022619,311.2148106
,29.85437213,688.04691,320.810744,336.3432379
,29.95751547,776.453344,370.8752381,378.8499939
,30.16878847,788.6542967,319.3577976,384.8360707
,30.3987284,965.4513833,459.1972619,469.8563788
,29.19829907,318.2395247,149.69875,158.3994155
,26.463971,533.190774,307.563631,259.9363885
,28.37189607,762.37895,373.7303869,371.1293637
,28.25725513,456.957692,277.3924702,224.4264293
,27.5224672,943.0199413,438.6144345,457.3392668
,28.19330227,352.7128088,166.374375,174.3394203
,25.38596393,150.9989932,88.5725,75.79041148
,25.10567633,254.934934,149.3028274,125.5199216
,25.97744133,325.346652,181.9919048,159.8544304
,26.58768307,288.33439,157.9238095,142.4555881
,26.64763521,220.4616164,121.3175893,109.9061817
,26.31139527,176.0581827,98.15583333,88.38370283
,26.0466838,101.8763053,56.56032738,52.60800545
,25.64855527,86.95331267,50.06291667,45.20153119
,25.33481853,81.60728447,47.13440476,42.44425412
,24.9111592,59.64146167,34.01217262,31.64099132
,24.6149332,41.57074313,23.59342262,22.78520869
,24.51455067,29.49980147,16.5833631,16.92893207
,24.3736246,21.89132113,12.09446429,13.19045488
,24.21430757,16.46518893,8.047053571,10.48855168
,24.0314636,8.882952533,1.790922619,6.737203159
,23.8018982,2.114633124,0,3.348227676
,23.5662964,0,0,2.189827049
,23.38892407,0,0,2.082048122
,23.17833453,0,0,1.954085022
,23.03204753,0,0,1.865194858
,22.61733607,0,0,1.613198643
,22.43510527,0,0,1.502467507
,22.39340827,0,0,1.477130648
,22.33463829,0,0,1.441419524
,22.18707907,0,0,1.351756306
,22.1833922,0,0,1.34951601
,22.21057753,0,0,1.366034967
,22.21120607,0,0,1.36641689
,22.21850393,0,0,1.370851383
,22.19037267,0,0,1.353757636
,22.1516112,0,0,1.330204531
,22.1585,0,0,1.334390457
,22.11953327,0,0,1.310712623
,22.12596357,0,0,1.314619948
,22.19493207,0,0,1.35652812
,22.08191727,0,0,1.287855551
,22.12383027,0,0,1.313323662
,21.77161267,0,0,1.099301362
,21.73004567,0,0,1.074043496
,21.68706847,0,0,1.047928733
,21.61923207,0,0,1.006708469
,21.62596847,0,0,1.01080179
,21.6098348,0,0,1.000998292
,21.69312947,0,0,1.051611652
,21.82476586,0,0,1.131599487
,21.8943176,0,0,1.173862065
,21.80948073,0,0,1.122311599
,21.82476813,0,0,1.13160087
,21.76238207,0,0,1.093692459
,21.80184527,0,0,1.117671967
,21.80012207,0,0,1.116624878
,21.77188507,0,0,1.099466883
,21.75163373,0,0,1.087161317
,21.69531679,0,0,1.05294076
,21.68763007,0,0,1.048269984
,21.6996928,0,0,1.055599811
,21.70644933,0,0,1.059705366
,21.69656973,0,0,1.053702104
,21.651534,0,0,1.026336489
,21.50658567,0,0,0.938259755
,21.32000727,0.151538218,0,0.897640594
,21.28513,8.356612479,3.433095238,4.815718022
,21.227468,26.60363447,13.25113095,13.54110694
,21.14960933,43.7152266,21.84681548,21.70910167
,21.4259318,74.9735576,39.63672619,36.8841856
,22.15570467,161.645104,65.75199405,78.93878562
,22.83263547,226.129918,96.63744048,110.309388
,23.55732407,278.48515,123.3929464,135.8855768
,24.221519,341.2023107,157.0568155,166.3997869
,24.7192118,404.3418427,190.8825,197.0156045
,25.18008221,478.0336921,229.6077083,232.6752331
,25.64075307,513.8973833,252.6450595,250.1733762
,26.137734,520.508288,272.2038095,253.6492696
,26.32546173,589.9908493,290.4209226,287.1220387
,26.5877218,598.0412347,307.5313988,291.1464029
,26.939325,617.2084187,296.3670536,300.56225
,27.20669153,670.632282,319.2199107,326.3736023
,27.5735536,615.2538133,328.1975,300.0092247
,27.72791753,757.7599673,378.3235714,368.5204735
,28.03033873,864.056662,424.5854464,419.7374642
,28.62208571,740.3816393,399.8007738,360.7204426
,28.6059632,816.7528573,404.1997917,397.3765996
,29.19779053,962.2691533,468.1344941,467.598844
,29.45011987,855.4001073,458.3339584,416.4441564
,29.6048524,1016.687181,466.5674702,493.9723813
,29.6144756,958.2277687,475.8876785,465.9117637
,29.87312813,889.3022273,399.2859226,432.9776604
,29.44821587,880.5713933,434.4333036,428.5277773
,29.5778118,906.8482053,449.1866369,441.2220681
,30.0071574,725.001628,359.9066071,354.1781007
,27.56851207,600.2171827,326.0022619,292.7870489
,27.4096005,537.2325964,284.3006845,262.4514788
,26.35499467,597.535766,306.8656548,290.7623117
,26.66739493,897.9147207,448.1538393,435.1645944
,26.82453193,812.712094,409.0058036,394.3541492
,26.77141927,626.9522933,321.688244,305.1382744
,26.82875987,765.5651647,386.6583036,371.721396
,27.58328453,733.7197727,380.5433036,356.8908494
,28.07718513,747.8824707,363.9863095,363.9905001
,28.1128438,566.9934953,278.8502083,277.1670582
,27.57890557,403.7250264,212.4403869,198.4571407
,27.66269933,459.5029573,247.4434821,225.2871383
,27.50931387,219.9188633,109.1291667,110.1691974
,26.81922213,253.6736327,137.4719941,125.9555915
,26.54088333,149.2018317,76.91318452,75.62936899
,26.30019327,114.5979227,60.1914881,58.86971901
,26.03677973,125.4085301,64.93550595,63.8998491
,25.93388073,88.87133673,45.496875,46.29575367
,25.57438767,69.4941764,34.56467262,36.77430233
,25.40442336,45.96277064,21.86583333,25.37355628
,25.2186848,22.43680667,10.524375,13.96583772
,24.8120402,7.280471847,2.533720238,6.442160745
,24.37271127,0.125036755,0,2.739869166
,24.117745,0,0,2.524910525
,24.00076707,0,0,2.453829788
,23.96617027,0,0,2.43280731
,23.87074167,0,0,2.37482086
,23.7636984,0,0,2.309776847
,23.71126457,0,0,2.277915837
,23.6953736,0,0,2.268259811
,23.47900187,0,0,2.136783201
,23.2034668,0,0,1.969356449
,23.0506512,0,0,1.876499232
,22.87311207,0,0,1.768618951
,22.8499696,0,0,1.75455661
,22.70073853,0,0,1.663877507
,22.5735414,0,0,1.586587153
,22.44969607,0,0,1.511333497
,22.26599313,0,0,1.399707828
,22.2271688,0,0,1.376116522
,22.3342062,0,0,1.44115697
,22.23739433,0,0,1.382329988
,22.20502933,0,0,1.362663646
,22.30942587,0,0,1.426099392
,22.2836282,0,0,1.41042364
,22.41726073,0,0,1.491624415
,22.44764279,0,0,1.510085834
,22.3396992,0,0,1.444494749
,22.3263162,0,0,1.436362673
,22.5932068,0,0,1.598536681
,22.83114627,0,0,1.743118757
,22.80169467,0,0,1.72522272
,22.66150713,0,0,1.64003885
,22.49683427,0,0,1.539976657
,22.41319787,0,0,1.489155645
,22.30154836,0,0,1.421312684
,22.19367067,0,0,1.35576164
,22.1761332,0,0,1.345105134
,22.18425507,0,0,1.350040324
,22.23586833,0,0,1.381402726
,22.29215507,0,0,1.415604924
,22.25429487,0,0,1.392599466
,22.1893432,0,0,1.353132089
,22.2997984,0,0,1.420249336
,22.43938771,0,0,1.505069703
,22.44136347,0,0,1.506270254
,22.52291473,0.507893873,0,1.799664976
,22.55637827,7.115191707,1.776934524,4.99217394
,22.56817027,24.17192867,11.75955357,13.18830814
,22.65616867,48.7669142,24.35604167,25.04987474
,22.91502687,77.02681407,39.62645833,38.77479468
,23.20821113,147.1822867,72.10982143,72.63470947
,23.6073304,225.5217447,117.3679167,110.4881403
,23.587081,219.6392887,117.3344643,107.6516586
,23.75348329,307.2239171,157.4606845,149.8023032
,23.90954793,298.065064,154.9588095,145.4999534
,23.76350107,244.7378533,131.090119,119.8087232
,23.90183136,335.3547693,177.8471131,163.3981164
,24.13006793,381.9702387,198.4950298,185.91697
,24.52345993,427.8343173,221.0955655,208.175435
,25.09378867,566.4324567,297.5525893,275.063197
,25.8082866,557.4083927,294.6105357,271.1648875
,26.1179402,572.2872473,301.2141369,278.4964099
,26.35437229,585.6356821,310.8791964,285.0486827
,26.09553013,528.9236227,284.4113095,257.6638415
,26.36005847,719.5252227,388.0223214,349.3327376
,26.53336373,833.0450947,418.4795536,403.9391319
,27.08106873,640.6613233,333.9032143,311.9081595
,26.94870613,650.2135673,317.1758036,316.4137793
,26.8470704,662.1523707,322.0984821,322.0838612
,25.92304107,426.2345727,211.1288095,208.2578395
,25.21828571,492.0235971,247.6963988,239.4150247
,24.93256013,472.764668,236.9586905,229.9951606
,24.94529613,454.945416,231.5582738,221.4478458
,25.43106087,519.268844,262.2301488,252.624806
,25.37993567,576.1803393,291.7171429,279.9170474
,25.89887293,734.368802,362.8001786,356.1789298
,26.6301878,727.7635133,344.049375,353.4520971
,27.04890353,906.6149007,394.166875,439.5733866
,27.8489156,1221.651847,476.8384524,591.3092898
,28.22232286,910.48926,406.1294941,442.1464924
,27.5785664,563.9184547,289.9241667,275.3660763
,27.1061442,449.7933987,236.0435417,220.287376
,26.94999387,586.9389627,315.2661012,286.0363147
,27.40871387,709.4795187,364.6958929,345.1469851
,27.44934907,460.2610827,243.1868155,225.521475
,27.08724153,408.2271193,215.6679762,200.3198475
,27.05220753,400.8640347,213.1762798,196.7635296
,26.80979607,285.3623193,151.5945536,141.1636571
,26.42355564,199.2258571,105.1713095,99.57469676
,26.0342224,154.4666584,80.513125,77.84915278
,25.98669447,123.5932831,64.61738095,62.99791199
,25.84559127,112.1953106,61.00994048,57.43998541
,25.6701172,71.27771233,37.38747024,37.68875033
,25.53685507,42.8979898,21.17952381,23.9826208
,25.3053914,29.76713233,14.33395833,17.53782634
,25.1361024,19.033676,9.171785714,12.28180825
,25.05257967,6.75433608,2.318333333,6.335724
,24.89254314,0.455513202,0,3.214403298
,24.70376387,0,0,2.881000355
,24.54298287,0,0,2.783303025
,24.39859427,0,0,2.695566409
,24.24910893,0,0,2.604732802
,24.07510987,0,0,2.499003616
,23.94650073,0,0,2.420855271
,23.86200773,0,0,2.369513753
,23.8368284,0,0,2.354213726
,23.87317121,0,0,2.376297156
,23.92025353,0,0,2.404906363
,23.86289053,0,0,2.370050179
,23.777291,0,0,2.318036285
,23.65113127,0,0,2.241376299
,23.649532,0,0,2.240404517
,23.60741367,0,0,2.214811638
,23.52246087,0,0,2.163190726
,23.3865622,0,0,2.080612952
,23.33108107,0,0,2.046900271
,23.44495271,0,0,2.116093497
,23.41815393,0,0,2.099809425
,23.36912633,0,0,2.070018183
,23.19021187,0,0,1.961302191
,23.11173907,0,0,1.913618801
,23.0380188,0,0,1.868823252
,23.0133788,0,0,1.853850946
,23.00672193,0,0,1.849805953
,22.5523254,0,0,1.573695415
,22.16110879,0,0,1.335975665
,22.0657084,0,0,1.278006359
,22.05105987,0,0,1.269105291
,22.06405627,0,0,1.277002453
,22.1327738,0,0,1.31875813
,22.1389874,0,0,1.322533776
,22.1016358,0,0,1.299837366
,22.13297933,0,0,1.318883021
,22.184287,0,0,1.350059728
,22.16874793,0,0,1.340617534
,21.67616773,0,0,1.041304986
,21.5948508,0,0,0.991893381
,21.5713258,0,0,0.977598597
,21.50873627,0,0,0.939566551
,21.42430607,0,0,0.888263193
,21.4322062,0,0,0.893063648
,21.4640382,0.552364235,0,1.17759714
,21.53003333,9.686439467,3.500238095,5.602983873
,21.65816593,33.31034929,16.78080357,17.02272257
,21.95715933,67.908889,35.40032738,33.8152223
,22.31239433,102.7040147,53.741875,50.73627805
,22.74293007,155.7342913,76.68991072,76.45781721
,23.27185253,160.2291469,79.03553572,78.9372008
,23.45843107,133.3380648,70.45035715,66.14011881
,23.83686933,264.2032693,135.070119,129.1986847
,24.47751873,458.6929053,229.4096429,222.9627806
,25.2572124,536.3576693,276.8772917,260.7235428
,25.92686257,578.5561021,277.4053571,281.3899911
,26.06654667,534.2788213,270.1113988,260.21727
,26.19244593,572.9372047,293.1144345,278.8537284
,26.40725307,663.4503567,326.0561607,322.4397749
,26.3895486,642.8513107,326.4236607,312.5393794
,26.80618087,644.579368,320.3658036,313.6221861
,26.95370707,617.1309093,319.600625,300.5337768
,27.5598856,888.736286,433.8201191,431.3003271
,28.05028693,680.1742387,358.1595238,331.4673164
,27.77829864,860.8448593,393.6788988,418.0423219
,28.7853558,702.748034,377.7221429,342.7516935
,28.3718384,573.6166647,286.1382143,280.5042293
,28.37545567,637.0887293,302.4526786,310.9794752
,28.39979053,664.057878,324.0685714,323.942197
,28.60129187,744.4816767,351.3194643,362.6762424
,28.85165593,432.7973,226.3683036,213.1881664
,28.54629327,390.1906573,210.2335119,192.5470924
,28.7726258,455.2512327,240.1888095,223.9203162
,29.03071593,732.4080379,370.9835417,357.1406037
,29.10738527,427.40474,215.6214286,210.754581
,28.41780807,245.3921387,130.3028274,122.9510003
,27.85690313,226.0944467,124.6398512,113.3453155
,27.19722087,269.0430447,148.0202679,133.5641608
,26.7497132,423.195788,226.2969941,207.3012347
,27.61147273,652.056834,368.5662798,317.7014598
,27.82892867,477.2766193,254.0785417,233.9213122
,27.93405567,423.3145247,236.5391071,208.0778969
,28.17885747,451.1937287,231.3057738,221.6115028
,27.89843529,382.2117121,195.6074702,188.3227211
,28.1680522,450.2923073,230.4821429,221.1721631
,27.74386593,125.1691067,66.15380952,64.82219924
,27.32750647,162.9056367,90.5008631,82.68657488
,27.34741213,238.490188,127.9190476,118.9869441
,27.16989953,276.4912,148.8997024,137.1234315
,27.25204247,193.777918,102.3301786,97.46255538
,26.9659322,156.5710793,83.2853869,79.42563516
,26.7447368,101.6916528,52.76258929,52.94351998
,26.74063913,85.9623972,45.19431548,45.38938728
,26.43065107,38.8465545,19.58443452,22.58062794
,26.3341512,18.26217933,8.657023809,12.63939646
,26.05074267,4.051767687,0.644494048,5.64474227
,25.35520227,0.193003793,0,3.369503314
,23.2409404,0.020070272,0,2.001762765
,22.76783847,0,0,1.704650262
,22.98785607,0,0,1.838342255
,23.20111713,0,0,1.967928692
,23.3763062,0,0,2.074380973
,23.39751764,0,0,2.087269943
,23.37956947,0,0,2.076363872
,23.29744067,0,0,2.026458942
,23.1545876,0,0,1.939655381
,23.02501227,0,0,1.860919932
,23.00178813,0,0,1.846807967
,22.96941727,0,0,1.827138061
,22.97506307,0,0,1.830568687
,23.13929433,0,0,1.930362546
,23.4763204,0,0,2.135153828
,23.61283221,0,0,2.218104176
,23.6188478,0,0,2.2217595
,23.60297647,0,0,2.212115407
,23.63105067,0,0,2.229174478
,23.6412108,0,0,2.235348204
,23.1030456,0,0,1.908336284
,22.85385513,0,0,1.756917624
,22.7012818,0,0,1.664207619
,22.62044073,0,0,1.61508517
,22.58576453,0,0,1.594014445
,22.65492486,0,0,1.636039181
,22.73989467,0,0,1.687670428
,22.727596,0,0,1.680197239
,22.6596518,0,0,1.638911471
,22.60989987,0,0,1.608680094
,22.58112373,0,0,1.591194499
,22.54762787,0,0,1.570840995
,22.499713,0,0,1.541725897
,22.4580708,0,0,1.516422336
,22.39977371,0,0,1.480998563
,22.4348244,0,0,1.502296841
,22.5443968,0,0,1.568877662
,22.5694072,0,0,1.584075038
,22.59069827,0,0,1.59701239
,22.65259573,0,0,1.634623907
,22.69225453,0,0,1.65872227
,22.6955222,0,0,1.660707842
,22.57117927,0,0,1.585151821
,22.45293367,0.044904116,0,1.53485934
,22.49437814,3.851879775,0.140535714,3.387778347
,22.65456747,14.18382133,6.92952381,8.445499144
,22.7384398,46.84130847,25.30529762,24.17537952
,22.96118367,70.61181213,36.86922619,35.72298799
,23.1387512,101.7261072,52.82380952,50.76891235
,23.25484613,167.161456,86.1603869,82.25508055
,23.59581507,206.390628,103.7303869,101.2962609
,23.80050253,258.2670813,130.2902976,126.3266126
,24.27318927,353.673456,179.3442262,172.4186023
,24.56814343,322.55192,169.0430655,157.6563257
,24.8337136,402.276302,213.1475893,196.093511
,25.26632287,414.7560933,213.8391667,202.347952
,25.40508833,410.816618,213.2525893,200.5409229
,25.76177973,460.19857,239.6726786,224.4660241
,26.01627393,552.1471147,275.9657738,268.7653207
,26.3412638,636.15115,323.9653274,309.2932808
,26.7102622,828.9793113,411.1511607,402.0946332
,27.3343506,720.424872,381.6896726,350.3566818
,27.42023371,590.9023807,310.0177381,288.2248962
,27.3188638,675.252786,344.594375,328.6600749
,27.99494027,918.2852227,426.511131,445.7511803
,27.9288534,598.6946807,307.751369,292.2750517
,27.81832073,420.767104,217.3856845,206.7845504
,28.16781833,521.83881,276.0170833,255.5216206
,27.8743104,222.2456033,123.2966369,111.5080566
,27.3941652,429.468928,226.24,210.7045763
,27.96403707,483.39984,241.2923512,236.9431786
,28.30027873,502.8826647,264.5314583,246.501231
,27.9916526,319.418066,175.1232738,158.2320259
,27.83263553,503.2727367,267.753244,246.4043455
,28.40100513,582.2891547,296.7959524,284.6856296
,28.5019692,409.4128093,219.4458036,201.7487476
,28.79405307,430.022742,240.9421429,211.8210944
,28.30766193,304.8436553,161.4308929,151.4268468
,28.7229654,718.1465133,360.8292559,350.1066189
,29.28291529,525.7635171,266.3456845,258.0834593
,28.40571293,282.2451987,150.120625,140.6368686
,28.01806027,320.1579573,171.4072619,158.6032954
,27.99871413,427.4141633,237.258869,210.0854297
,28.17579547,358.5119633,184.9193684,177.1129665
,28.04633593,345.676682,182.0854167,170.8720607
,27.96042867,247.9111147,128.1770238,123.882442
,27.69595547,189.5537733,96.98860119,95.70427652
,27.426601,161.4167364,80.95735119,82.03196533
,27.1594952,138.821146,70.31464286,71.02147855
,26.82467853,123.5097679,63.61431548,63.46701073
,26.40195127,102.3283072,53.11035714,53.04088788
,26.14476107,72.90250293,38.07794643,38.75722878
,25.89020787,48.85491967,25.47345238,27.05726522
,25.61404013,24.74985413,12.62267857,15.31657042
,25.38658647,7.053626813,2.749404762,6.682370646
,25.18057036,0.056148883,0,3.197685307
,24.9865234,0,0,3.052816998
,24.87299393,0,0,2.983831696
,24.44228513,0,0,2.722114826
,24.10504347,0,0,2.517192536
,23.90370067,0,0,2.394848141
,23.83753447,0,0,2.354642762
,23.73155927,0,0,2.290247751
,23.63031613,0,0,2.228728144
,23.54011321,0,0,2.173917038
,23.47867833,0,0,2.136586608
,23.45682787,0,0,2.123309341
,23.27699387,0,0,2.014034602
,23.0816692,0,0,1.89534708
,22.92795193,0,0,1.801941972
,22.8635354,0,0,1.762799764
,22.87235927,0,0,1.768161518
,22.962205,0,0,1.822755583
,22.94797421,0,0,1.814108356
,22.9250326,0,0,1.800168061
,22.8920044,0,0,1.780098731
,22.89567247,0,0,1.782327603
,22.8684164,0,0,1.765765665
,22.826764,0,0,1.740455907
,22.79561547,0,0,1.721528741
,22.77145187,0,0,1.706845917
,22.74187364,0,0,1.688872938
,22.68718467,0,0,1.655641605
,22.60261033,0,0,1.604250665
,22.6269064,0,0,1.619013982
,22.6140116,0,0,1.611178557
,22.663737,0,0,1.641393811
,22.77405187,0,0,1.708425787
,22.85202227,0,0,1.755803897
,22.81974493,0,0,1.736190825
,22.77129513,0,0,1.706750679
,22.78877486,0,0,1.717372098
,22.8229758,0,0,1.738154036
,22.7428528,0,0,1.689467915
,22.55417073,0,0,1.574816717
,22.41482547,0,0,1.490144644
,22.35033773,0,0,1.450959171
,22.350765,0,0,1.451218797
,22.17537633,0,0,1.34464523
,21.70715333,0,0,1.060133146
,21.69549993,2.842461006,0.103630952,2.417722486
,22.33568638,45.347547,15.0575,23.21349206
,22.48262527,93.31614747,50.30639881,46.3325863
,22.7112202,143.7652418,75.85071429,70.6921876
,22.99848413,227.8736373,119.7916071,111.2473273
,23.3647502,268.1349153,139.365744,130.7993952
,23.751955,234.5097293,125.5481548,114.8911673
,24.041337,261.0877493,138.7976488,127.8271614
,24.25599893,275.4482243,149.2933333,134.8520879
,24.44390253,262.713,143.3783333,128.8520628
,24.68842373,338.1332307,185.4864286,165.2100273
,24.98268227,366.645748,197.7554167,179.0777401
,25.43944913,466.0193227,252.775,227.0647158
,25.52758207,383.339662,209.2997917,187.4236212
,25.68465353,424.6341313,229.0490476,207.3446105
,25.9574464,454.3548387,246.4520833,221.7793339
,26.18282667,501.0602807,266.1819048,244.3396479
,26.47013421,464.913585,242.2841071,227.1601371
,26.236733,450.8577207,247.0989881,220.2700679
,26.77150073,564.246406,292.8558036,275.0331191
,27.25139353,537.2297933,281.735625,262.3539998
,27.74272473,892.716588,422.9738393,433.3223778
,28.4727662,897.1673587,422.9994048,435.9028045
,28.64909467,1031.230309,496.5473214,500.3738031
,28.94194333,718.821216,351.6107143,350.5636051
,29.028007,700.1748987,369.2950298,341.6637719
,28.57951564,489.4874157,258.0125893,240.239825
,28.49604293,602.1715767,323.9735714,294.2889638
,28.95492333,659.3983767,358.81625,322.0424845
,29.05773107,599.4605753,302.4833333,293.3287128
,28.6523418,438.4577807,230.2514583,215.7846613
,28.22970173,410.6262193,221.9490476,202.1658666
,28.7665812,586.60541,305.7933333,286.9800108
,29.11126313,535.0119733,287.0033333,262.419356
,28.61701867,317.4531373,174.250506,157.6686591
,27.91461621,104.2054897,56.96315476,54.8612856
,25.61776527,55.31573613,33.10416667,29.99356673
,23.55677487,85.784176,51.68202381,43.36917248
,23.40352773,199.7712573,117.4312202,98.00144774
,24.1127868,235.077558,133.7595238,115.3830395
,24.39076747,118.6300124,67.30229167,59.64528444
,24.2918964,71.61635007,41.50985119,37.01386568
,24.19186007,86.47263487,48.260625,44.08560738
,24.19616686,104.7624446,57.21547619,52.86919364
,24.27840355,90.13176855,49.15333333,45.89495126
,24.17417021,65.25856393,34.68904762,33.88994617
,24.13034873,41.93956467,22.18666667,22.66782655
,24.03815733,23.44570147,12.41770833,13.73287148
,23.8402385,7.006889814,2.864285714,5.720305753
,23.5830486,0.039083115,0,2.218770265
,23.47488827,0,0,2.134283604
,23.48928027,0,0,2.143028791
,23.45561107,0,0,2.122569962
,23.0513224,0,0,1.876907081
,23.0032632,0,0,1.84770428
,22.89035633,0,0,1.779097296
,22.89196567,0,0,1.780075195
,22.8874295,0,0,1.777318829
,22.89988213,0,0,1.784885575
,22.89259847,0,0,1.780459711
,22.9965616,0,0,1.843632105
,23.137091,0,0,1.929023708
,22.56317947,0,0,1.580290804
,22.19922893,0,0,1.359139078
,22.17173667,0,0,1.342433615
,22.15056967,0,0,1.329571651
,22.12981567,0,0,1.316960644
,22.00827464,0,0,1.243107181
,21.96949473,0,0,1.219542869
,21.90928767,0,0,1.18295851